periodo;Año;Municipio;Tipo;Valor;;;;;;;;;
1/1/2014;2014;Total general;Total de hechos de hurtos;54902;;;;;;;;;
1/1/2014;2014;Total general;Total de hechos de robos;88518;;;;;;;;;
1/1/2015;2015;Total general;Total de hechos de hurtos;51451;;;;;;;;;
1/1/2015;2015;Total general;Total de hechos de robos;81396;;;;;;;;;
1/1/2016;2016;Total general;Total de hechos de hurtos;52909;;;;;;;;;
1/1/2016;2016;Total general;Total de hechos de robos;81286;;;;;;;;;
1/1/2017;2017;Total general;Total de hechos de hurtos;51661;;;;;;;;;
1/1/2017;2017;Total general;Total de hechos de robos;81056;;;;;;;;;
1/1/2018;2018;Total general;Total de hechos de hurtos;63147;;;;;;;;;
1/1/2018;2018;Total general;Total de hechos de robos;94844;;;;;;;;;
1/1/2019;2019;Total general;Total de hechos de hurtos;98045;;;;;;;;;
1/1/2019;2019;Total general;Total de hechos de robos;144888;;;;;;;;;
1/1/2020;2020;Total general;Total de hechos de hurtos;66921;;;;;;;;;
1/1/2020;2020;Total general;Total de hechos de robos;106588;;;;;;;;;
1/1/2021;2021;Total general;Total de hechos de hurtos;72201;;;;;;;;;
1/1/2021;2021;Total general;Total de hechos de robos;106505;;;;;;;;;
1/1/2014;2014;Adolfo Alsina;Total de hechos de hurtos;31;;;;;;;;;
1/1/2014;2014;Adolfo Alsina;Total de hechos de robos;3;;;;;;;;;
1/1/2015;2015;Adolfo Alsina;Total de hechos de hurtos;19;;;;;;;;;
1/1/2015;2015;Adolfo Alsina;Total de hechos de robos;8;;;;;;;;;
1/1/2016;2016;Adolfo Alsina;Total de hechos de hurtos;13;;;;;;;;;
1/1/2016;2016;Adolfo Alsina;Total de hechos de robos;8;;;;;;;;;
1/1/2017;2017;Adolfo Alsina;Total de hechos de hurtos;11;;;;;;;;;
1/1/2017;2017;Adolfo Alsina;Total de hechos de robos;2;;;;;;;;;
1/1/2018;2018;Adolfo Alsina;Total de hechos de hurtos;26;;;;;;;;;
1/1/2018;2018;Adolfo Alsina;Total de hechos de robos;5;;;;;;;;;
1/1/2019;2019;Adolfo Alsina;Total de hechos de hurtos;51;;;;;;;;;
1/1/2019;2019;Adolfo Alsina;Total de hechos de robos;13;;;;;;;;;
1/1/2020;2020;Adolfo Alsina;Total de hechos de hurtos;37;;;;;;;;;
1/1/2020;2020;Adolfo Alsina;Total de hechos de robos;10;;;;;;;;;
1/1/2021;2021;Adolfo Alsina;Total de hechos de hurtos;40;;;;;;;;;
1/1/2021;2021;Adolfo Alsina;Total de hechos de robos;10;;;;;;;;;
1/1/2014;2014;Adolfo Gonzáles Chaves;Total de hechos de hurtos;90;;;;;;;;;
1/1/2014;2014;Adolfo Gonzáles Chaves;Total de hechos de robos;41;;;;;;;;;
1/1/2015;2015;Adolfo Gonzáles Chaves;Total de hechos de hurtos;64;;;;;;;;;
1/1/2015;2015;Adolfo Gonzáles Chaves;Total de hechos de robos;30;;;;;;;;;
1/1/2016;2016;Adolfo Gonzáles Chaves;Total de hechos de hurtos;34;;;;;;;;;
1/1/2016;2016;Adolfo Gonzáles Chaves;Total de hechos de robos;24;;;;;;;;;
1/1/2017;2017;Adolfo Gonzáles Chaves;Total de hechos de hurtos;26;;;;;;;;;
1/1/2017;2017;Adolfo Gonzáles Chaves;Total de hechos de robos;28;;;;;;;;;
1/1/2018;2018;Adolfo Gonzáles Chaves;Total de hechos de hurtos;70;;;;;;;;;
1/1/2018;2018;Adolfo Gonzáles Chaves;Total de hechos de robos;27;;;;;;;;;
1/1/2019;2019;Adolfo Gonzáles Chaves;Total de hechos de hurtos;71;;;;;;;;;
1/1/2019;2019;Adolfo Gonzáles Chaves;Total de hechos de robos;27;;;;;;;;;
1/1/2020;2020;Adolfo Gonzáles Chaves;Total de hechos de hurtos;69;;;;;;;;;
1/1/2020;2020;Adolfo Gonzáles Chaves;Total de hechos de robos;24;;;;;;;;;
1/1/2021;2021;Adolfo Gonzáles Chaves;Total de hechos de hurtos;62;;;;;;;;;
1/1/2021;2021;Adolfo Gonzáles Chaves;Total de hechos de robos;24;;;;;;;;;
1/1/2014;2014;Alberti;Total de hechos de hurtos;14;;;;;;;;;
1/1/2014;2014;Alberti;Total de hechos de robos;12;;;;;;;;;
1/1/2015;2015;Alberti;Total de hechos de hurtos;14;;;;;;;;;
1/1/2015;2015;Alberti;Total de hechos de robos;8;;;;;;;;;
1/1/2016;2016;Alberti;Total de hechos de hurtos;15;;;;;;;;;
1/1/2016;2016;Alberti;Total de hechos de robos;2;;;;;;;;;
1/1/2017;2017;Alberti;Total de hechos de hurtos;12;;;;;;;;;
1/1/2017;2017;Alberti;Total de hechos de robos;3;;;;;;;;;
1/1/2018;2018;Alberti;Total de hechos de hurtos;22;;;;;;;;;
1/1/2018;2018;Alberti;Total de hechos de robos;4;;;;;;;;;
1/1/2019;2019;Alberti;Total de hechos de hurtos;23;;;;;;;;;
1/1/2019;2019;Alberti;Total de hechos de robos;10;;;;;;;;;
1/1/2020;2020;Alberti;Total de hechos de hurtos;26;;;;;;;;;
1/1/2020;2020;Alberti;Total de hechos de robos;9;;;;;;;;;
1/1/2021;2021;Alberti;Total de hechos de hurtos;24;;;;;;;;;
1/1/2021;2021;Alberti;Total de hechos de robos;14;;;;;;;;;
1/1/2014;2014;Almirante Brown;Total de hechos de hurtos;1271;;;;;;;;;
1/1/2014;2014;Almirante Brown;Total de hechos de robos;1962;;;;;;;;;
1/1/2015;2015;Almirante Brown;Total de hechos de hurtos;1225;;;;;;;;;
1/1/2015;2015;Almirante Brown;Total de hechos de robos;2355;;;;;;;;;
1/1/2016;2016;Almirante Brown;Total de hechos de hurtos;1135;;;;;;;;;
1/1/2016;2016;Almirante Brown;Total de hechos de robos;2204;;;;;;;;;
1/1/2017;2017;Almirante Brown;Total de hechos de hurtos;1262;;;;;;;;;
1/1/2017;2017;Almirante Brown;Total de hechos de robos;2403;;;;;;;;;
1/1/2018;2018;Almirante Brown;Total de hechos de hurtos;1175;;;;;;;;;
1/1/2018;2018;Almirante Brown;Total de hechos de robos;2171;;;;;;;;;
1/1/2019;2019;Almirante Brown;Total de hechos de hurtos;2647;;;;;;;;;
1/1/2019;2019;Almirante Brown;Total de hechos de robos;6383;;;;;;;;;
1/1/2020;2020;Almirante Brown;Total de hechos de hurtos;2420;;;;;;;;;
1/1/2020;2020;Almirante Brown;Total de hechos de robos;5477;;;;;;;;;
1/1/2021;2021;Almirante Brown;Total de hechos de hurtos;2517;;;;;;;;;
1/1/2021;2021;Almirante Brown;Total de hechos de robos;4769;;;;;;;;;
1/1/2014;2014;Arrecifes;Total de hechos de hurtos;319;;;;;;;;;
1/1/2014;2014;Arrecifes;Total de hechos de robos;303;;;;;;;;;
1/1/2015;2015;Arrecifes;Total de hechos de hurtos;191;;;;;;;;;
1/1/2015;2015;Arrecifes;Total de hechos de robos;153;;;;;;;;;
1/1/2016;2016;Arrecifes;Total de hechos de hurtos;195;;;;;;;;;
1/1/2016;2016;Arrecifes;Total de hechos de robos;195;;;;;;;;;
1/1/2017;2017;Arrecifes;Total de hechos de hurtos;236;;;;;;;;;
1/1/2017;2017;Arrecifes;Total de hechos de robos;184;;;;;;;;;
1/1/2018;2018;Arrecifes;Total de hechos de hurtos;163;;;;;;;;;
1/1/2018;2018;Arrecifes;Total de hechos de robos;100;;;;;;;;;
1/1/2019;2019;Arrecifes;Total de hechos de hurtos;100;;;;;;;;;
1/1/2019;2019;Arrecifes;Total de hechos de robos;61;;;;;;;;;
1/1/2020;2020;Arrecifes;Total de hechos de hurtos;110;;;;;;;;;
1/1/2020;2020;Arrecifes;Total de hechos de robos;50;;;;;;;;;
1/1/2021;2021;Arrecifes;Total de hechos de hurtos;80;;;;;;;;;
1/1/2021;2021;Arrecifes;Total de hechos de robos;35;;;;;;;;;
1/1/2014;2014;Avellaneda;Total de hechos de hurtos;869;;;;;;;;;
1/1/2014;2014;Avellaneda;Total de hechos de robos;1671;;;;;;;;;
1/1/2015;2015;Avellaneda;Total de hechos de hurtos;900;;;;;;;;;
1/1/2015;2015;Avellaneda;Total de hechos de robos;1963;;;;;;;;;
1/1/2016;2016;Avellaneda;Total de hechos de hurtos;1387;;;;;;;;;
1/1/2016;2016;Avellaneda;Total de hechos de robos;2895;;;;;;;;;
1/1/2017;2017;Avellaneda;Total de hechos de hurtos;1397;;;;;;;;;
1/1/2017;2017;Avellaneda;Total de hechos de robos;3156;;;;;;;;;
1/1/2018;2018;Avellaneda;Total de hechos de hurtos;1852;;;;;;;;;
1/1/2018;2018;Avellaneda;Total de hechos de robos;3957;;;;;;;;;
1/1/2019;2019;Avellaneda;Total de hechos de hurtos;2048;;;;;;;;;
1/1/2019;2019;Avellaneda;Total de hechos de robos;5045;;;;;;;;;
1/1/2020;2020;Avellaneda;Total de hechos de hurtos;1340;;;;;;;;;
1/1/2020;2020;Avellaneda;Total de hechos de robos;3440;;;;;;;;;
1/1/2021;2021;Avellaneda;Total de hechos de hurtos;1835;;;;;;;;;
1/1/2021;2021;Avellaneda;Total de hechos de robos;4191;;;;;;;;;
1/1/2014;2014;Ayacucho;Total de hechos de hurtos;58;;;;;;;;;
1/1/2014;2014;Ayacucho;Total de hechos de robos;39;;;;;;;;;
1/1/2015;2015;Ayacucho;Total de hechos de hurtos;22;;;;;;;;;
1/1/2015;2015;Ayacucho;Total de hechos de robos;14;;;;;;;;;
1/1/2016;2016;Ayacucho;Total de hechos de hurtos;33;;;;;;;;;
1/1/2016;2016;Ayacucho;Total de hechos de robos;24;;;;;;;;;
1/1/2017;2017;Ayacucho;Total de hechos de hurtos;43;;;;;;;;;
1/1/2017;2017;Ayacucho;Total de hechos de robos;20;;;;;;;;;
1/1/2018;2018;Ayacucho;Total de hechos de hurtos;44;;;;;;;;;
1/1/2018;2018;Ayacucho;Total de hechos de robos;17;;;;;;;;;
1/1/2019;2019;Ayacucho;Total de hechos de hurtos;125;;;;;;;;;
1/1/2019;2019;Ayacucho;Total de hechos de robos;41;;;;;;;;;
1/1/2020;2020;Ayacucho;Total de hechos de hurtos;85;;;;;;;;;
1/1/2020;2020;Ayacucho;Total de hechos de robos;20;;;;;;;;;
1/1/2021;2021;Ayacucho;Total de hechos de hurtos;56;;;;;;;;;
1/1/2021;2021;Ayacucho;Total de hechos de robos;21;;;;;;;;;
1/1/2014;2014;Azul;Total de hechos de hurtos;339;;;;;;;;;
1/1/2014;2014;Azul;Total de hechos de robos;220;;;;;;;;;
1/1/2015;2015;Azul;Total de hechos de hurtos;270;;;;;;;;;
1/1/2015;2015;Azul;Total de hechos de robos;137;;;;;;;;;
1/1/2016;2016;Azul;Total de hechos de hurtos;235;;;;;;;;;
1/1/2016;2016;Azul;Total de hechos de robos;148;;;;;;;;;
1/1/2017;2017;Azul;Total de hechos de hurtos;143;;;;;;;;;
1/1/2017;2017;Azul;Total de hechos de robos;87;;;;;;;;;
1/1/2018;2018;Azul;Total de hechos de hurtos;157;;;;;;;;;
1/1/2018;2018;Azul;Total de hechos de robos;76;;;;;;;;;
1/1/2019;2019;Azul;Total de hechos de hurtos;279;;;;;;;;;
1/1/2019;2019;Azul;Total de hechos de robos;222;;;;;;;;;
1/1/2020;2020;Azul;Total de hechos de hurtos;253;;;;;;;;;
1/1/2020;2020;Azul;Total de hechos de robos;174;;;;;;;;;
1/1/2021;2021;Azul;Total de hechos de hurtos;236;;;;;;;;;
1/1/2021;2021;Azul;Total de hechos de robos;176;;;;;;;;;
1/1/2014;2014;Bahía Blanca;Total de hechos de hurtos;889;;;;;;;;;
1/1/2014;2014;Bahía Blanca;Total de hechos de robos;1107;;;;;;;;;
1/1/2015;2015;Bahía Blanca;Total de hechos de hurtos;806;;;;;;;;;
1/1/2015;2015;Bahía Blanca;Total de hechos de robos;886;;;;;;;;;
1/1/2016;2016;Bahía Blanca;Total de hechos de hurtos;801;;;;;;;;;
1/1/2016;2016;Bahía Blanca;Total de hechos de robos;893;;;;;;;;;
1/1/2017;2017;Bahía Blanca;Total de hechos de hurtos;850;;;;;;;;;
1/1/2017;2017;Bahía Blanca;Total de hechos de robos;741;;;;;;;;;
1/1/2018;2018;Bahía Blanca;Total de hechos de hurtos;876;;;;;;;;;
1/1/2018;2018;Bahía Blanca;Total de hechos de robos;742;;;;;;;;;
1/1/2019;2019;Bahía Blanca;Total de hechos de hurtos;1984;;;;;;;;;
1/1/2019;2019;Bahía Blanca;Total de hechos de robos;1451;;;;;;;;;
1/1/2020;2020;Bahía Blanca;Total de hechos de hurtos;1525;;;;;;;;;
1/1/2020;2020;Bahía Blanca;Total de hechos de robos;1043;;;;;;;;;
1/1/2021;2021;Bahía Blanca;Total de hechos de hurtos;1555;;;;;;;;;
1/1/2021;2021;Bahía Blanca;Total de hechos de robos;990;;;;;;;;;
1/1/2014;2014;Balcarce;Total de hechos de hurtos;29;;;;;;;;;
1/1/2014;2014;Balcarce;Total de hechos de robos;28;;;;;;;;;
1/1/2015;2015;Balcarce;Total de hechos de hurtos;79;;;;;;;;;
1/1/2015;2015;Balcarce;Total de hechos de robos;114;;;;;;;;;
1/1/2016;2016;Balcarce;Total de hechos de hurtos;67;;;;;;;;;
1/1/2016;2016;Balcarce;Total de hechos de robos;85;;;;;;;;;
1/1/2017;2017;Balcarce;Total de hechos de hurtos;38;;;;;;;;;
1/1/2017;2017;Balcarce;Total de hechos de robos;47;;;;;;;;;
1/1/2018;2018;Balcarce;Total de hechos de hurtos;25;;;;;;;;;
1/1/2018;2018;Balcarce;Total de hechos de robos;52;;;;;;;;;
1/1/2019;2019;Balcarce;Total de hechos de hurtos;87;;;;;;;;;
1/1/2019;2019;Balcarce;Total de hechos de robos;89;;;;;;;;;
1/1/2020;2020;Balcarce;Total de hechos de hurtos;66;;;;;;;;;
1/1/2020;2020;Balcarce;Total de hechos de robos;30;;;;;;;;;
1/1/2021;2021;Balcarce;Total de hechos de hurtos;195;;;;;;;;;
1/1/2021;2021;Balcarce;Total de hechos de robos;125;;;;;;;;;
1/1/2014;2014;Baradero;Total de hechos de hurtos;48;;;;;;;;;
1/1/2014;2014;Baradero;Total de hechos de robos;38;;;;;;;;;
1/1/2015;2015;Baradero;Total de hechos de hurtos;21;;;;;;;;;
1/1/2015;2015;Baradero;Total de hechos de robos;25;;;;;;;;;
1/1/2016;2016;Baradero;Total de hechos de hurtos;48;;;;;;;;;
1/1/2016;2016;Baradero;Total de hechos de robos;54;;;;;;;;;
1/1/2017;2017;Baradero;Total de hechos de hurtos;30;;;;;;;;;
1/1/2017;2017;Baradero;Total de hechos de robos;37;;;;;;;;;
1/1/2018;2018;Baradero;Total de hechos de hurtos;157;;;;;;;;;
1/1/2018;2018;Baradero;Total de hechos de robos;117;;;;;;;;;
1/1/2019;2019;Baradero;Total de hechos de hurtos;308;;;;;;;;;
1/1/2019;2019;Baradero;Total de hechos de robos;196;;;;;;;;;
1/1/2020;2020;Baradero;Total de hechos de hurtos;83;;;;;;;;;
1/1/2020;2020;Baradero;Total de hechos de robos;31;;;;;;;;;
1/1/2021;2021;Baradero;Total de hechos de hurtos;102;;;;;;;;;
1/1/2021;2021;Baradero;Total de hechos de robos;28;;;;;;;;;
1/1/2014;2014;Benito Juárez;Total de hechos de hurtos;58;;;;;;;;;
1/1/2014;2014;Benito Juárez;Total de hechos de robos;29;;;;;;;;;
1/1/2015;2015;Benito Juárez;Total de hechos de hurtos;44;;;;;;;;;
1/1/2015;2015;Benito Juárez;Total de hechos de robos;18;;;;;;;;;
1/1/2016;2016;Benito Juárez;Total de hechos de hurtos;38;;;;;;;;;
1/1/2016;2016;Benito Juárez;Total de hechos de robos;24;;;;;;;;;
1/1/2017;2017;Benito Juárez;Total de hechos de hurtos;42;;;;;;;;;
1/1/2017;2017;Benito Juárez;Total de hechos de robos;22;;;;;;;;;
1/1/2018;2018;Benito Juárez;Total de hechos de hurtos;60;;;;;;;;;
1/1/2018;2018;Benito Juárez;Total de hechos de robos;26;;;;;;;;;
1/1/2019;2019;Benito Juárez;Total de hechos de hurtos;121;;;;;;;;;
1/1/2019;2019;Benito Juárez;Total de hechos de robos;55;;;;;;;;;
1/1/2020;2020;Benito Juárez;Total de hechos de hurtos;80;;;;;;;;;
1/1/2020;2020;Benito Juárez;Total de hechos de robos;25;;;;;;;;;
1/1/2021;2021;Benito Juárez;Total de hechos de hurtos;51;;;;;;;;;
1/1/2021;2021;Benito Juárez;Total de hechos de robos;18;;;;;;;;;
1/1/2014;2014;Berazategui;Total de hechos de hurtos;712;;;;;;;;;
1/1/2014;2014;Berazategui;Total de hechos de robos;1558;;;;;;;;;
1/1/2015;2015;Berazategui;Total de hechos de hurtos;635;;;;;;;;;
1/1/2015;2015;Berazategui;Total de hechos de robos;1099;;;;;;;;;
1/1/2016;2016;Berazategui;Total de hechos de hurtos;564;;;;;;;;;
1/1/2016;2016;Berazategui;Total de hechos de robos;739;;;;;;;;;
1/1/2017;2017;Berazategui;Total de hechos de hurtos;552;;;;;;;;;
1/1/2017;2017;Berazategui;Total de hechos de robos;1043;;;;;;;;;
1/1/2018;2018;Berazategui;Total de hechos de hurtos;905;;;;;;;;;
1/1/2018;2018;Berazategui;Total de hechos de robos;1739;;;;;;;;;
1/1/2019;2019;Berazategui;Total de hechos de hurtos;1251;;;;;;;;;
1/1/2019;2019;Berazategui;Total de hechos de robos;2505;;;;;;;;;
1/1/2020;2020;Berazategui;Total de hechos de hurtos;968;;;;;;;;;
1/1/2020;2020;Berazategui;Total de hechos de robos;2143;;;;;;;;;
1/1/2021;2021;Berazategui;Total de hechos de hurtos;1306;;;;;;;;;
1/1/2021;2021;Berazategui;Total de hechos de robos;2461;;;;;;;;;
1/1/2014;2014;Berisso;Total de hechos de hurtos;273;;;;;;;;;
1/1/2014;2014;Berisso;Total de hechos de robos;251;;;;;;;;;
1/1/2015;2015;Berisso;Total de hechos de hurtos;166;;;;;;;;;
1/1/2015;2015;Berisso;Total de hechos de robos;217;;;;;;;;;
1/1/2016;2016;Berisso;Total de hechos de hurtos;188;;;;;;;;;
1/1/2016;2016;Berisso;Total de hechos de robos;231;;;;;;;;;
1/1/2017;2017;Berisso;Total de hechos de hurtos;298;;;;;;;;;
1/1/2017;2017;Berisso;Total de hechos de robos;500;;;;;;;;;
1/1/2018;2018;Berisso;Total de hechos de hurtos;373;;;;;;;;;
1/1/2018;2018;Berisso;Total de hechos de robos;508;;;;;;;;;
1/1/2019;2019;Berisso;Total de hechos de hurtos;493;;;;;;;;;
1/1/2019;2019;Berisso;Total de hechos de robos;606;;;;;;;;;
1/1/2020;2020;Berisso;Total de hechos de hurtos;300;;;;;;;;;
1/1/2020;2020;Berisso;Total de hechos de robos;385;;;;;;;;;
1/1/2021;2021;Berisso;Total de hechos de hurtos;230;;;;;;;;;
1/1/2021;2021;Berisso;Total de hechos de robos;274;;;;;;;;;
1/1/2014;2014;Bolívar;Total de hechos de hurtos;62;;;;;;;;;
1/1/2014;2014;Bolívar;Total de hechos de robos;51;;;;;;;;;
1/1/2015;2015;Bolívar;Total de hechos de hurtos;50;;;;;;;;;
1/1/2015;2015;Bolívar;Total de hechos de robos;50;;;;;;;;;
1/1/2016;2016;Bolívar;Total de hechos de hurtos;63;;;;;;;;;
1/1/2016;2016;Bolívar;Total de hechos de robos;48;;;;;;;;;
1/1/2017;2017;Bolívar;Total de hechos de hurtos;60;;;;;;;;;
1/1/2017;2017;Bolívar;Total de hechos de robos;30;;;;;;;;;
1/1/2018;2018;Bolívar;Total de hechos de hurtos;91;;;;;;;;;
1/1/2018;2018;Bolívar;Total de hechos de robos;56;;;;;;;;;
1/1/2019;2019;Bolívar;Total de hechos de hurtos;182;;;;;;;;;
1/1/2019;2019;Bolívar;Total de hechos de robos;98;;;;;;;;;
1/1/2020;2020;Bolívar;Total de hechos de hurtos;177;;;;;;;;;
1/1/2020;2020;Bolívar;Total de hechos de robos;100;;;;;;;;;
1/1/2021;2021;Bolívar;Total de hechos de hurtos;186;;;;;;;;;
1/1/2021;2021;Bolívar;Total de hechos de robos;88;;;;;;;;;
1/1/2014;2014;Bragado;Total de hechos de hurtos;158;;;;;;;;;
1/1/2014;2014;Bragado;Total de hechos de robos;53;;;;;;;;;
1/1/2015;2015;Bragado;Total de hechos de hurtos;119;;;;;;;;;
1/1/2015;2015;Bragado;Total de hechos de robos;72;;;;;;;;;
1/1/2016;2016;Bragado;Total de hechos de hurtos;91;;;;;;;;;
1/1/2016;2016;Bragado;Total de hechos de robos;62;;;;;;;;;
1/1/2017;2017;Bragado;Total de hechos de hurtos;88;;;;;;;;;
1/1/2017;2017;Bragado;Total de hechos de robos;50;;;;;;;;;
1/1/2018;2018;Bragado;Total de hechos de hurtos;131;;;;;;;;;
1/1/2018;2018;Bragado;Total de hechos de robos;61;;;;;;;;;
1/1/2019;2019;Bragado;Total de hechos de hurtos;237;;;;;;;;;
1/1/2019;2019;Bragado;Total de hechos de robos;94;;;;;;;;;
1/1/2020;2020;Bragado;Total de hechos de hurtos;226;;;;;;;;;
1/1/2020;2020;Bragado;Total de hechos de robos;75;;;;;;;;;
1/1/2021;2021;Bragado;Total de hechos de hurtos;157;;;;;;;;;
1/1/2021;2021;Bragado;Total de hechos de robos;54;;;;;;;;;
1/1/2014;2014;Brandsen;Total de hechos de hurtos;33;;;;;;;;;
1/1/2014;2014;Brandsen;Total de hechos de robos;69;;;;;;;;;
1/1/2015;2015;Brandsen;Total de hechos de hurtos;47;;;;;;;;;
1/1/2015;2015;Brandsen;Total de hechos de robos;49;;;;;;;;;
1/1/2016;2016;Brandsen;Total de hechos de hurtos;102;;;;;;;;;
1/1/2016;2016;Brandsen;Total de hechos de robos;90;;;;;;;;;
1/1/2017;2017;Brandsen;Total de hechos de hurtos;90;;;;;;;;;
1/1/2017;2017;Brandsen;Total de hechos de robos;101;;;;;;;;;
1/1/2018;2018;Brandsen;Total de hechos de hurtos;76;;;;;;;;;
1/1/2018;2018;Brandsen;Total de hechos de robos;110;;;;;;;;;
1/1/2019;2019;Brandsen;Total de hechos de hurtos;90;;;;;;;;;
1/1/2019;2019;Brandsen;Total de hechos de robos;98;;;;;;;;;
1/1/2020;2020;Brandsen;Total de hechos de hurtos;56;;;;;;;;;
1/1/2020;2020;Brandsen;Total de hechos de robos;67;;;;;;;;;
1/1/2021;2021;Brandsen;Total de hechos de hurtos;54;;;;;;;;;
1/1/2021;2021;Brandsen;Total de hechos de robos;91;;;;;;;;;
1/1/2014;2014;Cañuelas;Total de hechos de hurtos;180;;;;;;;;;
1/1/2014;2014;Cañuelas;Total de hechos de robos;441;;;;;;;;;
1/1/2015;2015;Cañuelas;Total de hechos de hurtos;173;;;;;;;;;
1/1/2015;2015;Cañuelas;Total de hechos de robos;257;;;;;;;;;
1/1/2016;2016;Cañuelas;Total de hechos de hurtos;108;;;;;;;;;
1/1/2016;2016;Cañuelas;Total de hechos de robos;251;;;;;;;;;
1/1/2017;2017;Cañuelas;Total de hechos de hurtos;83;;;;;;;;;
1/1/2017;2017;Cañuelas;Total de hechos de robos;130;;;;;;;;;
1/1/2018;2018;Cañuelas;Total de hechos de hurtos;163;;;;;;;;;
1/1/2018;2018;Cañuelas;Total de hechos de robos;365;;;;;;;;;
1/1/2019;2019;Cañuelas;Total de hechos de hurtos;271;;;;;;;;;
1/1/2019;2019;Cañuelas;Total de hechos de robos;597;;;;;;;;;
1/1/2020;2020;Cañuelas;Total de hechos de hurtos;262;;;;;;;;;
1/1/2020;2020;Cañuelas;Total de hechos de robos;432;;;;;;;;;
1/1/2021;2021;Cañuelas;Total de hechos de hurtos;268;;;;;;;;;
1/1/2021;2021;Cañuelas;Total de hechos de robos;431;;;;;;;;;
1/1/2014;2014;Campana;Total de hechos de hurtos;465;;;;;;;;;
1/1/2014;2014;Campana;Total de hechos de robos;639;;;;;;;;;
1/1/2015;2015;Campana;Total de hechos de hurtos;440;;;;;;;;;
1/1/2015;2015;Campana;Total de hechos de robos;715;;;;;;;;;
1/1/2016;2016;Campana;Total de hechos de hurtos;496;;;;;;;;;
1/1/2016;2016;Campana;Total de hechos de robos;756;;;;;;;;;
1/1/2017;2017;Campana;Total de hechos de hurtos;448;;;;;;;;;
1/1/2017;2017;Campana;Total de hechos de robos;706;;;;;;;;;
1/1/2018;2018;Campana;Total de hechos de hurtos;437;;;;;;;;;
1/1/2018;2018;Campana;Total de hechos de robos;577;;;;;;;;;
1/1/2019;2019;Campana;Total de hechos de hurtos;594;;;;;;;;;
1/1/2019;2019;Campana;Total de hechos de robos;639;;;;;;;;;
1/1/2020;2020;Campana;Total de hechos de hurtos;368;;;;;;;;;
1/1/2020;2020;Campana;Total de hechos de robos;557;;;;;;;;;
1/1/2021;2021;Campana;Total de hechos de hurtos;600;;;;;;;;;
1/1/2021;2021;Campana;Total de hechos de robos;860;;;;;;;;;
1/1/2014;2014;Capitán Sarmiento;Total de hechos de hurtos;103;;;;;;;;;
1/1/2014;2014;Capitán Sarmiento;Total de hechos de robos;86;;;;;;;;;
1/1/2015;2015;Capitán Sarmiento;Total de hechos de hurtos;103;;;;;;;;;
1/1/2015;2015;Capitán Sarmiento;Total de hechos de robos;46;;;;;;;;;
1/1/2016;2016;Capitán Sarmiento;Total de hechos de hurtos;54;;;;;;;;;
1/1/2016;2016;Capitán Sarmiento;Total de hechos de robos;19;;;;;;;;;
1/1/2017;2017;Capitán Sarmiento;Total de hechos de hurtos;52;;;;;;;;;
1/1/2017;2017;Capitán Sarmiento;Total de hechos de robos;21;;;;;;;;;
1/1/2018;2018;Capitán Sarmiento;Total de hechos de hurtos;25;;;;;;;;;
1/1/2018;2018;Capitán Sarmiento;Total de hechos de robos;7;;;;;;;;;
1/1/2019;2019;Capitán Sarmiento;Total de hechos de hurtos;49;;;;;;;;;
1/1/2019;2019;Capitán Sarmiento;Total de hechos de robos;26;;;;;;;;;
1/1/2020;2020;Capitán Sarmiento;Total de hechos de hurtos;50;;;;;;;;;
1/1/2020;2020;Capitán Sarmiento;Total de hechos de robos;17;;;;;;;;;
1/1/2021;2021;Capitán Sarmiento;Total de hechos de hurtos;47;;;;;;;;;
1/1/2021;2021;Capitán Sarmiento;Total de hechos de robos;9;;;;;;;;;
1/1/2014;2014;Carlos Casares;Total de hechos de hurtos;90;;;;;;;;;
1/1/2014;2014;Carlos Casares;Total de hechos de robos;52;;;;;;;;;
1/1/2015;2015;Carlos Casares;Total de hechos de hurtos;80;;;;;;;;;
1/1/2015;2015;Carlos Casares;Total de hechos de robos;43;;;;;;;;;
1/1/2016;2016;Carlos Casares;Total de hechos de hurtos;78;;;;;;;;;
1/1/2016;2016;Carlos Casares;Total de hechos de robos;32;;;;;;;;;
1/1/2017;2017;Carlos Casares;Total de hechos de hurtos;48;;;;;;;;;
1/1/2017;2017;Carlos Casares;Total de hechos de robos;33;;;;;;;;;
1/1/2018;2018;Carlos Casares;Total de hechos de hurtos;101;;;;;;;;;
1/1/2018;2018;Carlos Casares;Total de hechos de robos;29;;;;;;;;;
1/1/2019;2019;Carlos Casares;Total de hechos de hurtos;58;;;;;;;;;
1/1/2019;2019;Carlos Casares;Total de hechos de robos;22;;;;;;;;;
1/1/2020;2020;Carlos Casares;Total de hechos de hurtos;51;;;;;;;;;
1/1/2020;2020;Carlos Casares;Total de hechos de robos;14;;;;;;;;;
1/1/2021;2021;Carlos Casares;Total de hechos de hurtos;29;;;;;;;;;
1/1/2021;2021;Carlos Casares;Total de hechos de robos;7;;;;;;;;;
1/1/2014;2014;Carlos Tejedor;Total de hechos de hurtos;60;;;;;;;;;
1/1/2014;2014;Carlos Tejedor;Total de hechos de robos;19;;;;;;;;;
1/1/2015;2015;Carlos Tejedor;Total de hechos de hurtos;30;;;;;;;;;
1/1/2015;2015;Carlos Tejedor;Total de hechos de robos;7;;;;;;;;;
1/1/2016;2016;Carlos Tejedor;Total de hechos de hurtos;19;;;;;;;;;
1/1/2016;2016;Carlos Tejedor;Total de hechos de robos;4;;;;;;;;;
1/1/2017;2017;Carlos Tejedor;Total de hechos de hurtos;29;;;;;;;;;
1/1/2017;2017;Carlos Tejedor;Total de hechos de robos;4;;;;;;;;;
1/1/2018;2018;Carlos Tejedor;Total de hechos de hurtos;12;;;;;;;;;
1/1/2018;2018;Carlos Tejedor;Total de hechos de robos;2;;;;;;;;;
1/1/2019;2019;Carlos Tejedor;Total de hechos de hurtos;28;;;;;;;;;
1/1/2019;2019;Carlos Tejedor;Total de hechos de robos;2;;;;;;;;;
1/1/2020;2020;Carlos Tejedor;Total de hechos de hurtos;25;;;;;;;;;
1/1/2020;2020;Carlos Tejedor;Total de hechos de robos;3;;;;;;;;;
1/1/2021;2021;Carlos Tejedor;Total de hechos de hurtos;20;;;;;;;;;
1/1/2021;2021;Carlos Tejedor;Total de hechos de robos;6;;;;;;;;;
1/1/2014;2014;Carmen de Areco;Total de hechos de hurtos;39;;;;;;;;;
1/1/2014;2014;Carmen de Areco;Total de hechos de robos;36;;;;;;;;;
1/1/2015;2015;Carmen de Areco;Total de hechos de hurtos;45;;;;;;;;;
1/1/2015;2015;Carmen de Areco;Total de hechos de robos;24;;;;;;;;;
1/1/2016;2016;Carmen de Areco;Total de hechos de hurtos;35;;;;;;;;;
1/1/2016;2016;Carmen de Areco;Total de hechos de robos;16;;;;;;;;;
1/1/2017;2017;Carmen de Areco;Total de hechos de hurtos;22;;;;;;;;;
1/1/2017;2017;Carmen de Areco;Total de hechos de robos;9;;;;;;;;;
1/1/2018;2018;Carmen de Areco;Total de hechos de hurtos;14;;;;;;;;;
1/1/2018;2018;Carmen de Areco;Total de hechos de robos;4;;;;;;;;;
1/1/2019;2019;Carmen de Areco;Total de hechos de hurtos;77;;;;;;;;;
1/1/2019;2019;Carmen de Areco;Total de hechos de robos;35;;;;;;;;;
1/1/2020;2020;Carmen de Areco;Total de hechos de hurtos;55;;;;;;;;;
1/1/2020;2020;Carmen de Areco;Total de hechos de robos;13;;;;;;;;;
1/1/2021;2021;Carmen de Areco;Total de hechos de hurtos;49;;;;;;;;;
1/1/2021;2021;Carmen de Areco;Total de hechos de robos;21;;;;;;;;;
1/1/2014;2014;Castelli;Total de hechos de hurtos;15;;;;;;;;;
1/1/2014;2014;Castelli;Total de hechos de robos;13;;;;;;;;;
1/1/2015;2015;Castelli;Total de hechos de hurtos;16;;;;;;;;;
1/1/2015;2015;Castelli;Total de hechos de robos;11;;;;;;;;;
1/1/2016;2016;Castelli;Total de hechos de hurtos;19;;;;;;;;;
1/1/2016;2016;Castelli;Total de hechos de robos;13;;;;;;;;;
1/1/2017;2017;Castelli;Total de hechos de hurtos;13;;;;;;;;;
1/1/2017;2017;Castelli;Total de hechos de robos;10;;;;;;;;;
1/1/2018;2018;Castelli;Total de hechos de hurtos;16;;;;;;;;;
1/1/2018;2018;Castelli;Total de hechos de robos;3;;;;;;;;;
1/1/2019;2019;Castelli;Total de hechos de hurtos;36;;;;;;;;;
1/1/2019;2019;Castelli;Total de hechos de robos;3;;;;;;;;;
1/1/2020;2020;Castelli;Total de hechos de hurtos;33;;;;;;;;;
1/1/2020;2020;Castelli;Total de hechos de robos;4;;;;;;;;;
1/1/2021;2021;Castelli;Total de hechos de hurtos;55;;;;;;;;;
1/1/2021;2021;Castelli;Total de hechos de robos;14;;;;;;;;;
1/1/2014;2014;Chacabuco;Total de hechos de hurtos;145;;;;;;;;;
1/1/2014;2014;Chacabuco;Total de hechos de robos;120;;;;;;;;;
1/1/2015;2015;Chacabuco;Total de hechos de hurtos;111;;;;;;;;;
1/1/2015;2015;Chacabuco;Total de hechos de robos;95;;;;;;;;;
1/1/2016;2016;Chacabuco;Total de hechos de hurtos;78;;;;;;;;;
1/1/2016;2016;Chacabuco;Total de hechos de robos;75;;;;;;;;;
1/1/2017;2017;Chacabuco;Total de hechos de hurtos;94;;;;;;;;;
1/1/2017;2017;Chacabuco;Total de hechos de robos;58;;;;;;;;;
1/1/2018;2018;Chacabuco;Total de hechos de hurtos;109;;;;;;;;;
1/1/2018;2018;Chacabuco;Total de hechos de robos;67;;;;;;;;;
1/1/2019;2019;Chacabuco;Total de hechos de hurtos;78;;;;;;;;;
1/1/2019;2019;Chacabuco;Total de hechos de robos;72;;;;;;;;;
1/1/2020;2020;Chacabuco;Total de hechos de hurtos;61;;;;;;;;;
1/1/2020;2020;Chacabuco;Total de hechos de robos;52;;;;;;;;;
1/1/2021;2021;Chacabuco;Total de hechos de hurtos;79;;;;;;;;;
1/1/2021;2021;Chacabuco;Total de hechos de robos;69;;;;;;;;;
1/1/2014;2014;Chascomús;Total de hechos de hurtos;156;;;;;;;;;
1/1/2014;2014;Chascomús;Total de hechos de robos;184;;;;;;;;;
1/1/2015;2015;Chascomús;Total de hechos de hurtos;148;;;;;;;;;
1/1/2015;2015;Chascomús;Total de hechos de robos;148;;;;;;;;;
1/1/2016;2016;Chascomús;Total de hechos de hurtos;140;;;;;;;;;
1/1/2016;2016;Chascomús;Total de hechos de robos;180;;;;;;;;;
1/1/2017;2017;Chascomús;Total de hechos de hurtos;156;;;;;;;;;
1/1/2017;2017;Chascomús;Total de hechos de robos;199;;;;;;;;;
1/1/2018;2018;Chascomús;Total de hechos de hurtos;188;;;;;;;;;
1/1/2018;2018;Chascomús;Total de hechos de robos;161;;;;;;;;;
1/1/2019;2019;Chascomús;Total de hechos de hurtos;427;;;;;;;;;
1/1/2019;2019;Chascomús;Total de hechos de robos;307;;;;;;;;;
1/1/2020;2020;Chascomús;Total de hechos de hurtos;402;;;;;;;;;
1/1/2020;2020;Chascomús;Total de hechos de robos;345;;;;;;;;;
1/1/2021;2021;Chascomús;Total de hechos de hurtos;369;;;;;;;;;
1/1/2021;2021;Chascomús;Total de hechos de robos;259;;;;;;;;;
1/1/2014;2014;Chivilcoy;Total de hechos de hurtos;281;;;;;;;;;
1/1/2014;2014;Chivilcoy;Total de hechos de robos;127;;;;;;;;;
1/1/2015;2015;Chivilcoy;Total de hechos de hurtos;205;;;;;;;;;
1/1/2015;2015;Chivilcoy;Total de hechos de robos;97;;;;;;;;;
1/1/2016;2016;Chivilcoy;Total de hechos de hurtos;105;;;;;;;;;
1/1/2016;2016;Chivilcoy;Total de hechos de robos;86;;;;;;;;;
1/1/2017;2017;Chivilcoy;Total de hechos de hurtos;61;;;;;;;;;
1/1/2017;2017;Chivilcoy;Total de hechos de robos;45;;;;;;;;;
1/1/2018;2018;Chivilcoy;Total de hechos de hurtos;81;;;;;;;;;
1/1/2018;2018;Chivilcoy;Total de hechos de robos;34;;;;;;;;;
1/1/2019;2019;Chivilcoy;Total de hechos de hurtos;272;;;;;;;;;
1/1/2019;2019;Chivilcoy;Total de hechos de robos;161;;;;;;;;;
1/1/2020;2020;Chivilcoy;Total de hechos de hurtos;218;;;;;;;;;
1/1/2020;2020;Chivilcoy;Total de hechos de robos;110;;;;;;;;;
1/1/2021;2021;Chivilcoy;Total de hechos de hurtos;192;;;;;;;;;
1/1/2021;2021;Chivilcoy;Total de hechos de robos;122;;;;;;;;;
1/1/2014;2014;Colón;Total de hechos de hurtos;335;;;;;;;;;
1/1/2014;2014;Colón;Total de hechos de robos;238;;;;;;;;;
1/1/2015;2015;Colón;Total de hechos de hurtos;351;;;;;;;;;
1/1/2015;2015;Colón;Total de hechos de robos;125;;;;;;;;;
1/1/2016;2016;Colón;Total de hechos de hurtos;330;;;;;;;;;
1/1/2016;2016;Colón;Total de hechos de robos;125;;;;;;;;;
1/1/2017;2017;Colón;Total de hechos de hurtos;291;;;;;;;;;
1/1/2017;2017;Colón;Total de hechos de robos;91;;;;;;;;;
1/1/2018;2018;Colón;Total de hechos de hurtos;283;;;;;;;;;
1/1/2018;2018;Colón;Total de hechos de robos;71;;;;;;;;;
1/1/2019;2019;Colón;Total de hechos de hurtos;287;;;;;;;;;
1/1/2019;2019;Colón;Total de hechos de robos;125;;;;;;;;;
1/1/2020;2020;Colón;Total de hechos de hurtos;144;;;;;;;;;
1/1/2020;2020;Colón;Total de hechos de robos;110;;;;;;;;;
1/1/2021;2021;Colón;Total de hechos de hurtos;163;;;;;;;;;
1/1/2021;2021;Colón;Total de hechos de robos;68;;;;;;;;;
1/1/2014;2014;Coronel de Marina L. Rosales;Total de hechos de hurtos;166;;;;;;;;;
1/1/2014;2014;Coronel de Marina L. Rosales;Total de hechos de robos;165;;;;;;;;;
1/1/2015;2015;Coronel de Marina L. Rosales;Total de hechos de hurtos;120;;;;;;;;;
1/1/2015;2015;Coronel de Marina L. Rosales;Total de hechos de robos;114;;;;;;;;;
1/1/2016;2016;Coronel de Marina L. Rosales;Total de hechos de hurtos;151;;;;;;;;;
1/1/2016;2016;Coronel de Marina L. Rosales;Total de hechos de robos;109;;;;;;;;;
1/1/2017;2017;Coronel de Marina L. Rosales;Total de hechos de hurtos;87;;;;;;;;;
1/1/2017;2017;Coronel de Marina L. Rosales;Total de hechos de robos;81;;;;;;;;;
1/1/2018;2018;Coronel de Marina L. Rosales;Total de hechos de hurtos;165;;;;;;;;;
1/1/2018;2018;Coronel de Marina L. Rosales;Total de hechos de robos;108;;;;;;;;;
1/1/2019;2019;Coronel de Marina L. Rosales;Total de hechos de hurtos;286;;;;;;;;;
1/1/2019;2019;Coronel de Marina L. Rosales;Total de hechos de robos;171;;;;;;;;;
1/1/2020;2020;Coronel de Marina L. Rosales;Total de hechos de hurtos;273;;;;;;;;;
1/1/2020;2020;Coronel de Marina L. Rosales;Total de hechos de robos;136;;;;;;;;;
1/1/2021;2021;Coronel de Marina L. Rosales;Total de hechos de hurtos;305;;;;;;;;;
1/1/2021;2021;Coronel de Marina L. Rosales;Total de hechos de robos;118;;;;;;;;;
1/1/2014;2014;Coronel Dorrego;Total de hechos de hurtos;70;;;;;;;;;
1/1/2014;2014;Coronel Dorrego;Total de hechos de robos;45;;;;;;;;;
1/1/2015;2015;Coronel Dorrego;Total de hechos de hurtos;62;;;;;;;;;
1/1/2015;2015;Coronel Dorrego;Total de hechos de robos;53;;;;;;;;;
1/1/2016;2016;Coronel Dorrego;Total de hechos de hurtos;33;;;;;;;;;
1/1/2016;2016;Coronel Dorrego;Total de hechos de robos;29;;;;;;;;;
1/1/2017;2017;Coronel Dorrego;Total de hechos de hurtos;37;;;;;;;;;
1/1/2017;2017;Coronel Dorrego;Total de hechos de robos;38;;;;;;;;;
1/1/2018;2018;Coronel Dorrego;Total de hechos de hurtos;51;;;;;;;;;
1/1/2018;2018;Coronel Dorrego;Total de hechos de robos;44;;;;;;;;;
1/1/2019;2019;Coronel Dorrego;Total de hechos de hurtos;70;;;;;;;;;
1/1/2019;2019;Coronel Dorrego;Total de hechos de robos;36;;;;;;;;;
1/1/2020;2020;Coronel Dorrego;Total de hechos de hurtos;48;;;;;;;;;
1/1/2020;2020;Coronel Dorrego;Total de hechos de robos;34;;;;;;;;;
1/1/2021;2021;Coronel Dorrego;Total de hechos de hurtos;38;;;;;;;;;
1/1/2021;2021;Coronel Dorrego;Total de hechos de robos;25;;;;;;;;;
1/1/2014;2014;Coronel Pringles;Total de hechos de hurtos;109;;;;;;;;;
1/1/2014;2014;Coronel Pringles;Total de hechos de robos;69;;;;;;;;;
1/1/2015;2015;Coronel Pringles;Total de hechos de hurtos;72;;;;;;;;;
1/1/2015;2015;Coronel Pringles;Total de hechos de robos;53;;;;;;;;;
1/1/2016;2016;Coronel Pringles;Total de hechos de hurtos;64;;;;;;;;;
1/1/2016;2016;Coronel Pringles;Total de hechos de robos;40;;;;;;;;;
1/1/2017;2017;Coronel Pringles;Total de hechos de hurtos;59;;;;;;;;;
1/1/2017;2017;Coronel Pringles;Total de hechos de robos;26;;;;;;;;;
1/1/2018;2018;Coronel Pringles;Total de hechos de hurtos;60;;;;;;;;;
1/1/2018;2018;Coronel Pringles;Total de hechos de robos;43;;;;;;;;;
1/1/2019;2019;Coronel Pringles;Total de hechos de hurtos;94;;;;;;;;;
1/1/2019;2019;Coronel Pringles;Total de hechos de robos;43;;;;;;;;;
1/1/2020;2020;Coronel Pringles;Total de hechos de hurtos;111;;;;;;;;;
1/1/2020;2020;Coronel Pringles;Total de hechos de robos;41;;;;;;;;;
1/1/2021;2021;Coronel Pringles;Total de hechos de hurtos;118;;;;;;;;;
1/1/2021;2021;Coronel Pringles;Total de hechos de robos;40;;;;;;;;;
1/1/2014;2014;Coronel Suárez;Total de hechos de hurtos;117;;;;;;;;;
1/1/2014;2014;Coronel Suárez;Total de hechos de robos;66;;;;;;;;;
1/1/2015;2015;Coronel Suárez;Total de hechos de hurtos;48;;;;;;;;;
1/1/2015;2015;Coronel Suárez;Total de hechos de robos;33;;;;;;;;;
1/1/2016;2016;Coronel Suárez;Total de hechos de hurtos;81;;;;;;;;;
1/1/2016;2016;Coronel Suárez;Total de hechos de robos;31;;;;;;;;;
1/1/2017;2017;Coronel Suárez;Total de hechos de hurtos;83;;;;;;;;;
1/1/2017;2017;Coronel Suárez;Total de hechos de robos;35;;;;;;;;;
1/1/2018;2018;Coronel Suárez;Total de hechos de hurtos;96;;;;;;;;;
1/1/2018;2018;Coronel Suárez;Total de hechos de robos;31;;;;;;;;;
1/1/2019;2019;Coronel Suárez;Total de hechos de hurtos;94;;;;;;;;;
1/1/2019;2019;Coronel Suárez;Total de hechos de robos;36;;;;;;;;;
1/1/2020;2020;Coronel Suárez;Total de hechos de hurtos;78;;;;;;;;;
1/1/2020;2020;Coronel Suárez;Total de hechos de robos;34;;;;;;;;;
1/1/2021;2021;Coronel Suárez;Total de hechos de hurtos;94;;;;;;;;;
1/1/2021;2021;Coronel Suárez;Total de hechos de robos;26;;;;;;;;;
1/1/2014;2014;Daireaux;Total de hechos de hurtos;46;;;;;;;;;
1/1/2014;2014;Daireaux;Total de hechos de robos;15;;;;;;;;;
1/1/2015;2015;Daireaux;Total de hechos de hurtos;39;;;;;;;;;
1/1/2015;2015;Daireaux;Total de hechos de robos;27;;;;;;;;;
1/1/2016;2016;Daireaux;Total de hechos de hurtos;38;;;;;;;;;
1/1/2016;2016;Daireaux;Total de hechos de robos;9;;;;;;;;;
1/1/2017;2017;Daireaux;Total de hechos de hurtos;30;;;;;;;;;
1/1/2017;2017;Daireaux;Total de hechos de robos;6;;;;;;;;;
1/1/2018;2018;Daireaux;Total de hechos de hurtos;16;;;;;;;;;
1/1/2018;2018;Daireaux;Total de hechos de robos;11;;;;;;;;;
1/1/2019;2019;Daireaux;Total de hechos de hurtos;45;;;;;;;;;
1/1/2019;2019;Daireaux;Total de hechos de robos;11;;;;;;;;;
1/1/2020;2020;Daireaux;Total de hechos de hurtos;52;;;;;;;;;
1/1/2020;2020;Daireaux;Total de hechos de robos;18;;;;;;;;;
1/1/2021;2021;Daireaux;Total de hechos de hurtos;48;;;;;;;;;
1/1/2021;2021;Daireaux;Total de hechos de robos;17;;;;;;;;;
1/1/2014;2014;Dolores;Total de hechos de hurtos;127;;;;;;;;;
1/1/2014;2014;Dolores;Total de hechos de robos;138;;;;;;;;;
1/1/2015;2015;Dolores;Total de hechos de hurtos;101;;;;;;;;;
1/1/2015;2015;Dolores;Total de hechos de robos;107;;;;;;;;;
1/1/2016;2016;Dolores;Total de hechos de hurtos;128;;;;;;;;;
1/1/2016;2016;Dolores;Total de hechos de robos;132;;;;;;;;;
1/1/2017;2017;Dolores;Total de hechos de hurtos;88;;;;;;;;;
1/1/2017;2017;Dolores;Total de hechos de robos;66;;;;;;;;;
1/1/2018;2018;Dolores;Total de hechos de hurtos;82;;;;;;;;;
1/1/2018;2018;Dolores;Total de hechos de robos;57;;;;;;;;;
1/1/2019;2019;Dolores;Total de hechos de hurtos;102;;;;;;;;;
1/1/2019;2019;Dolores;Total de hechos de robos;72;;;;;;;;;
1/1/2020;2020;Dolores;Total de hechos de hurtos;68;;;;;;;;;
1/1/2020;2020;Dolores;Total de hechos de robos;48;;;;;;;;;
1/1/2021;2021;Dolores;Total de hechos de hurtos;84;;;;;;;;;
1/1/2021;2021;Dolores;Total de hechos de robos;42;;;;;;;;;
1/1/2014;2014;Ensenada;Total de hechos de hurtos;182;;;;;;;;;
1/1/2014;2014;Ensenada;Total de hechos de robos;142;;;;;;;;;
1/1/2015;2015;Ensenada;Total de hechos de hurtos;189;;;;;;;;;
1/1/2015;2015;Ensenada;Total de hechos de robos;200;;;;;;;;;
1/1/2016;2016;Ensenada;Total de hechos de hurtos;233;;;;;;;;;
1/1/2016;2016;Ensenada;Total de hechos de robos;299;;;;;;;;;
1/1/2017;2017;Ensenada;Total de hechos de hurtos;174;;;;;;;;;
1/1/2017;2017;Ensenada;Total de hechos de robos;272;;;;;;;;;
1/1/2018;2018;Ensenada;Total de hechos de hurtos;218;;;;;;;;;
1/1/2018;2018;Ensenada;Total de hechos de robos;237;;;;;;;;;
1/1/2019;2019;Ensenada;Total de hechos de hurtos;291;;;;;;;;;
1/1/2019;2019;Ensenada;Total de hechos de robos;285;;;;;;;;;
1/1/2020;2020;Ensenada;Total de hechos de hurtos;211;;;;;;;;;
1/1/2020;2020;Ensenada;Total de hechos de robos;216;;;;;;;;;
1/1/2021;2021;Ensenada;Total de hechos de hurtos;105;;;;;;;;;
1/1/2021;2021;Ensenada;Total de hechos de robos;78;;;;;;;;;
1/1/2014;2014;Escobar;Total de hechos de hurtos;485;;;;;;;;;
1/1/2014;2014;Escobar;Total de hechos de robos;2067;;;;;;;;;
1/1/2015;2015;Escobar;Total de hechos de hurtos;892;;;;;;;;;
1/1/2015;2015;Escobar;Total de hechos de robos;1527;;;;;;;;;
1/1/2016;2016;Escobar;Total de hechos de hurtos;1122;;;;;;;;;
1/1/2016;2016;Escobar;Total de hechos de robos;1822;;;;;;;;;
1/1/2017;2017;Escobar;Total de hechos de hurtos;1155;;;;;;;;;
1/1/2017;2017;Escobar;Total de hechos de robos;1904;;;;;;;;;
1/1/2018;2018;Escobar;Total de hechos de hurtos;1028;;;;;;;;;
1/1/2018;2018;Escobar;Total de hechos de robos;1697;;;;;;;;;
1/1/2019;2019;Escobar;Total de hechos de hurtos;1638;;;;;;;;;
1/1/2019;2019;Escobar;Total de hechos de robos;2136;;;;;;;;;
1/1/2020;2020;Escobar;Total de hechos de hurtos;1044;;;;;;;;;
1/1/2020;2020;Escobar;Total de hechos de robos;1333;;;;;;;;;
1/1/2021;2021;Escobar;Total de hechos de hurtos;1348;;;;;;;;;
1/1/2021;2021;Escobar;Total de hechos de robos;1507;;;;;;;;;
1/1/2014;2014;Esteban Echeverría;Total de hechos de hurtos;1045;;;;;;;;;
1/1/2014;2014;Esteban Echeverría;Total de hechos de robos;1712;;;;;;;;;
1/1/2015;2015;Esteban Echeverría;Total de hechos de hurtos;1109;;;;;;;;;
1/1/2015;2015;Esteban Echeverría;Total de hechos de robos;1915;;;;;;;;;
1/1/2016;2016;Esteban Echeverría;Total de hechos de hurtos;1087;;;;;;;;;
1/1/2016;2016;Esteban Echeverría;Total de hechos de robos;2078;;;;;;;;;
1/1/2017;2017;Esteban Echeverría;Total de hechos de hurtos;1023;;;;;;;;;
1/1/2017;2017;Esteban Echeverría;Total de hechos de robos;1961;;;;;;;;;
1/1/2018;2018;Esteban Echeverría;Total de hechos de hurtos;821;;;;;;;;;
1/1/2018;2018;Esteban Echeverría;Total de hechos de robos;1590;;;;;;;;;
1/1/2019;2019;Esteban Echeverría;Total de hechos de hurtos;2349;;;;;;;;;
1/1/2019;2019;Esteban Echeverría;Total de hechos de robos;4505;;;;;;;;;
1/1/2020;2020;Esteban Echeverría;Total de hechos de hurtos;1843;;;;;;;;;
1/1/2020;2020;Esteban Echeverría;Total de hechos de robos;3855;;;;;;;;;
1/1/2021;2021;Esteban Echeverría;Total de hechos de hurtos;2451;;;;;;;;;
1/1/2021;2021;Esteban Echeverría;Total de hechos de robos;3348;;;;;;;;;
1/1/2014;2014;Exaltación de la Cruz;Total de hechos de hurtos;115;;;;;;;;;
1/1/2014;2014;Exaltación de la Cruz;Total de hechos de robos;190;;;;;;;;;
1/1/2015;2015;Exaltación de la Cruz;Total de hechos de hurtos;118;;;;;;;;;
1/1/2015;2015;Exaltación de la Cruz;Total de hechos de robos;191;;;;;;;;;
1/1/2016;2016;Exaltación de la Cruz;Total de hechos de hurtos;159;;;;;;;;;
1/1/2016;2016;Exaltación de la Cruz;Total de hechos de robos;217;;;;;;;;;
1/1/2017;2017;Exaltación de la Cruz;Total de hechos de hurtos;128;;;;;;;;;
1/1/2017;2017;Exaltación de la Cruz;Total de hechos de robos;191;;;;;;;;;
1/1/2018;2018;Exaltación de la Cruz;Total de hechos de hurtos;91;;;;;;;;;
1/1/2018;2018;Exaltación de la Cruz;Total de hechos de robos;101;;;;;;;;;
1/1/2019;2019;Exaltación de la Cruz;Total de hechos de hurtos;134;;;;;;;;;
1/1/2019;2019;Exaltación de la Cruz;Total de hechos de robos;202;;;;;;;;;
1/1/2020;2020;Exaltación de la Cruz;Total de hechos de hurtos;126;;;;;;;;;
1/1/2020;2020;Exaltación de la Cruz;Total de hechos de robos;148;;;;;;;;;
1/1/2021;2021;Exaltación de la Cruz;Total de hechos de hurtos;164;;;;;;;;;
1/1/2021;2021;Exaltación de la Cruz;Total de hechos de robos;180;;;;;;;;;
1/1/2014;2014;Ezeiza;Total de hechos de hurtos;650;;;;;;;;;
1/1/2014;2014;Ezeiza;Total de hechos de robos;923;;;;;;;;;
1/1/2015;2015;Ezeiza;Total de hechos de hurtos;462;;;;;;;;;
1/1/2015;2015;Ezeiza;Total de hechos de robos;620;;;;;;;;;
1/1/2016;2016;Ezeiza;Total de hechos de hurtos;405;;;;;;;;;
1/1/2016;2016;Ezeiza;Total de hechos de robos;728;;;;;;;;;
1/1/2017;2017;Ezeiza;Total de hechos de hurtos;379;;;;;;;;;
1/1/2017;2017;Ezeiza;Total de hechos de robos;572;;;;;;;;;
1/1/2018;2018;Ezeiza;Total de hechos de hurtos;243;;;;;;;;;
1/1/2018;2018;Ezeiza;Total de hechos de robos;394;;;;;;;;;
1/1/2019;2019;Ezeiza;Total de hechos de hurtos;895;;;;;;;;;
1/1/2019;2019;Ezeiza;Total de hechos de robos;1148;;;;;;;;;
1/1/2020;2020;Ezeiza;Total de hechos de hurtos;616;;;;;;;;;
1/1/2020;2020;Ezeiza;Total de hechos de robos;869;;;;;;;;;
1/1/2021;2021;Ezeiza;Total de hechos de hurtos;587;;;;;;;;;
1/1/2021;2021;Ezeiza;Total de hechos de robos;858;;;;;;;;;
1/1/2014;2014;Florencio Varela;Total de hechos de hurtos;860;;;;;;;;;
1/1/2014;2014;Florencio Varela;Total de hechos de robos;2376;;;;;;;;;
1/1/2015;2015;Florencio Varela;Total de hechos de hurtos;740;;;;;;;;;
1/1/2015;2015;Florencio Varela;Total de hechos de robos;1662;;;;;;;;;
1/1/2016;2016;Florencio Varela;Total de hechos de hurtos;767;;;;;;;;;
1/1/2016;2016;Florencio Varela;Total de hechos de robos;1660;;;;;;;;;
1/1/2017;2017;Florencio Varela;Total de hechos de hurtos;759;;;;;;;;;
1/1/2017;2017;Florencio Varela;Total de hechos de robos;1527;;;;;;;;;
1/1/2018;2018;Florencio Varela;Total de hechos de hurtos;1040;;;;;;;;;
1/1/2018;2018;Florencio Varela;Total de hechos de robos;2154;;;;;;;;;
1/1/2019;2019;Florencio Varela;Total de hechos de hurtos;1427;;;;;;;;;
1/1/2019;2019;Florencio Varela;Total de hechos de robos;3198;;;;;;;;;
1/1/2020;2020;Florencio Varela;Total de hechos de hurtos;1088;;;;;;;;;
1/1/2020;2020;Florencio Varela;Total de hechos de robos;3023;;;;;;;;;
1/1/2021;2021;Florencio Varela;Total de hechos de hurtos;1115;;;;;;;;;
1/1/2021;2021;Florencio Varela;Total de hechos de robos;2983;;;;;;;;;
1/1/2014;2014;Florentino Ameghino;Total de hechos de hurtos;15;;;;;;;;;
1/1/2014;2014;Florentino Ameghino;Total de hechos de robos;8;;;;;;;;;
1/1/2015;2015;Florentino Ameghino;Total de hechos de hurtos;6;;;;;;;;;
1/1/2015;2015;Florentino Ameghino;Total de hechos de robos;7;;;;;;;;;
1/1/2016;2016;Florentino Ameghino;Total de hechos de hurtos;16;;;;;;;;;
1/1/2016;2016;Florentino Ameghino;Total de hechos de robos;6;;;;;;;;;
1/1/2017;2017;Florentino Ameghino;Total de hechos de hurtos;18;;;;;;;;;
1/1/2017;2017;Florentino Ameghino;Total de hechos de robos;7;;;;;;;;;
1/1/2018;2018;Florentino Ameghino;Total de hechos de hurtos;25;;;;;;;;;
1/1/2018;2018;Florentino Ameghino;Total de hechos de robos;14;;;;;;;;;
1/1/2019;2019;Florentino Ameghino;Total de hechos de hurtos;28;;;;;;;;;
1/1/2019;2019;Florentino Ameghino;Total de hechos de robos;13;;;;;;;;;
1/1/2020;2020;Florentino Ameghino;Total de hechos de hurtos;43;;;;;;;;;
1/1/2020;2020;Florentino Ameghino;Total de hechos de robos;9;;;;;;;;;
1/1/2021;2021;Florentino Ameghino;Total de hechos de hurtos;64;;;;;;;;;
1/1/2021;2021;Florentino Ameghino;Total de hechos de robos;19;;;;;;;;;
1/1/2014;2014;General Alvarado;Total de hechos de hurtos;194;;;;;;;;;
1/1/2014;2014;General Alvarado;Total de hechos de robos;148;;;;;;;;;
1/1/2015;2015;General Alvarado;Total de hechos de hurtos;86;;;;;;;;;
1/1/2015;2015;General Alvarado;Total de hechos de robos;149;;;;;;;;;
1/1/2016;2016;General Alvarado;Total de hechos de hurtos;100;;;;;;;;;
1/1/2016;2016;General Alvarado;Total de hechos de robos;112;;;;;;;;;
1/1/2017;2017;General Alvarado;Total de hechos de hurtos;89;;;;;;;;;
1/1/2017;2017;General Alvarado;Total de hechos de robos;129;;;;;;;;;
1/1/2018;2018;General Alvarado;Total de hechos de hurtos;91;;;;;;;;;
1/1/2018;2018;General Alvarado;Total de hechos de robos;102;;;;;;;;;
1/1/2019;2019;General Alvarado;Total de hechos de hurtos;294;;;;;;;;;
1/1/2019;2019;General Alvarado;Total de hechos de robos;406;;;;;;;;;
1/1/2020;2020;General Alvarado;Total de hechos de hurtos;280;;;;;;;;;
1/1/2020;2020;General Alvarado;Total de hechos de robos;296;;;;;;;;;
1/1/2021;2021;General Alvarado;Total de hechos de hurtos;206;;;;;;;;;
1/1/2021;2021;General Alvarado;Total de hechos de robos;217;;;;;;;;;
1/1/2014;2014;General Alvear;Total de hechos de hurtos;28;;;;;;;;;
1/1/2014;2014;General Alvear;Total de hechos de robos;8;;;;;;;;;
1/1/2015;2015;General Alvear;Total de hechos de hurtos;17;;;;;;;;;
1/1/2015;2015;General Alvear;Total de hechos de robos;3;;;;;;;;;
1/1/2016;2016;General Alvear;Total de hechos de hurtos;20;;;;;;;;;
1/1/2016;2016;General Alvear;Total de hechos de robos;6;;;;;;;;;
1/1/2017;2017;General Alvear;Total de hechos de hurtos;25;;;;;;;;;
1/1/2017;2017;General Alvear;Total de hechos de robos;4;;;;;;;;;
1/1/2018;2018;General Alvear;Total de hechos de hurtos;27;;;;;;;;;
1/1/2018;2018;General Alvear;Total de hechos de robos;8;;;;;;;;;
1/1/2019;2019;General Alvear;Total de hechos de hurtos;61;;;;;;;;;
1/1/2019;2019;General Alvear;Total de hechos de robos;8;;;;;;;;;
1/1/2020;2020;General Alvear;Total de hechos de hurtos;36;;;;;;;;;
1/1/2020;2020;General Alvear;Total de hechos de robos;1;;;;;;;;;
1/1/2021;2021;General Alvear;Total de hechos de hurtos;65;;;;;;;;;
1/1/2021;2021;General Alvear;Total de hechos de robos;3;;;;;;;;;
1/1/2014;2014;General Arenales;Total de hechos de hurtos;16;;;;;;;;;
1/1/2014;2014;General Arenales;Total de hechos de robos;14;;;;;;;;;
1/1/2015;2015;General Arenales;Total de hechos de hurtos;7;;;;;;;;;
1/1/2015;2015;General Arenales;Total de hechos de robos;10;;;;;;;;;
1/1/2016;2016;General Arenales;Total de hechos de hurtos;10;;;;;;;;;
1/1/2016;2016;General Arenales;Total de hechos de robos;10;;;;;;;;;
1/1/2017;2017;General Arenales;Total de hechos de hurtos;7;;;;;;;;;
1/1/2017;2017;General Arenales;Total de hechos de robos;7;;;;;;;;;
1/1/2018;2018;General Arenales;Total de hechos de hurtos;8;;;;;;;;;
1/1/2018;2018;General Arenales;Total de hechos de robos;4;;;;;;;;;
1/1/2019;2019;General Arenales;Total de hechos de hurtos;17;;;;;;;;;
1/1/2019;2019;General Arenales;Total de hechos de robos;6;;;;;;;;;
1/1/2020;2020;General Arenales;Total de hechos de hurtos;11;;;;;;;;;
1/1/2020;2020;General Arenales;Total de hechos de robos;5;;;;;;;;;
1/1/2021;2021;General Arenales;Total de hechos de hurtos;23;;;;;;;;;
1/1/2021;2021;General Arenales;Total de hechos de robos;7;;;;;;;;;
1/1/2014;2014;General Belgrano;Total de hechos de hurtos;42;;;;;;;;;
1/1/2014;2014;General Belgrano;Total de hechos de robos;28;;;;;;;;;
1/1/2015;2015;General Belgrano;Total de hechos de hurtos;14;;;;;;;;;
1/1/2015;2015;General Belgrano;Total de hechos de robos;12;;;;;;;;;
1/1/2016;2016;General Belgrano;Total de hechos de hurtos;98;;;;;;;;;
1/1/2016;2016;General Belgrano;Total de hechos de robos;71;;;;;;;;;
1/1/2017;2017;General Belgrano;Total de hechos de hurtos;120;;;;;;;;;
1/1/2017;2017;General Belgrano;Total de hechos de robos;55;;;;;;;;;
1/1/2018;2018;General Belgrano;Total de hechos de hurtos;123;;;;;;;;;
1/1/2018;2018;General Belgrano;Total de hechos de robos;42;;;;;;;;;
1/1/2019;2019;General Belgrano;Total de hechos de hurtos;159;;;;;;;;;
1/1/2019;2019;General Belgrano;Total de hechos de robos;57;;;;;;;;;
1/1/2020;2020;General Belgrano;Total de hechos de hurtos;90;;;;;;;;;
1/1/2020;2020;General Belgrano;Total de hechos de robos;36;;;;;;;;;
1/1/2021;2021;General Belgrano;Total de hechos de hurtos;77;;;;;;;;;
1/1/2021;2021;General Belgrano;Total de hechos de robos;36;;;;;;;;;
1/1/2014;2014;General Guido;Total de hechos de hurtos;10;;;;;;;;;
1/1/2014;2014;General Guido;Total de hechos de robos;3;;;;;;;;;
1/1/2015;2015;General Guido;Total de hechos de hurtos;6;;;;;;;;;
1/1/2015;2015;General Guido;Total de hechos de robos;2;;;;;;;;;
1/1/2016;2016;General Guido;Total de hechos de hurtos;3;;;;;;;;;
1/1/2016;2016;General Guido;Total de hechos de robos;0;;;;;;;;;
1/1/2017;2017;General Guido;Total de hechos de hurtos;1;;;;;;;;;
1/1/2017;2017;General Guido;Total de hechos de robos;1;;;;;;;;;
1/1/2018;2018;General Guido;Total de hechos de hurtos;2;;;;;;;;;
1/1/2018;2018;General Guido;Total de hechos de robos;1;;;;;;;;;
1/1/2019;2019;General Guido;Total de hechos de hurtos;3;;;;;;;;;
1/1/2019;2019;General Guido;Total de hechos de robos;-;;;;;;;;;
1/1/2020;2020;General Guido;Total de hechos de hurtos;2;;;;;;;;;
1/1/2020;2020;General Guido;Total de hechos de robos;1;;;;;;;;;
1/1/2021;2021;General Guido;Total de hechos de hurtos;6;;;;;;;;;
1/1/2021;2021;General Guido;Total de hechos de robos;1;;;;;;;;;
1/1/2014;2014;General Juan Madariaga;Total de hechos de hurtos;39;;;;;;;;;
1/1/2014;2014;General Juan Madariaga;Total de hechos de robos;53;;;;;;;;;
1/1/2015;2015;General Juan Madariaga;Total de hechos de hurtos;45;;;;;;;;;
1/1/2015;2015;General Juan Madariaga;Total de hechos de robos;37;;;;;;;;;
1/1/2016;2016;General Juan Madariaga;Total de hechos de hurtos;59;;;;;;;;;
1/1/2016;2016;General Juan Madariaga;Total de hechos de robos;64;;;;;;;;;
1/1/2017;2017;General Juan Madariaga;Total de hechos de hurtos;47;;;;;;;;;
1/1/2017;2017;General Juan Madariaga;Total de hechos de robos;21;;;;;;;;;
1/1/2018;2018;General Juan Madariaga;Total de hechos de hurtos;21;;;;;;;;;
1/1/2018;2018;General Juan Madariaga;Total de hechos de robos;21;;;;;;;;;
1/1/2019;2019;General Juan Madariaga;Total de hechos de hurtos;129;;;;;;;;;
1/1/2019;2019;General Juan Madariaga;Total de hechos de robos;58;;;;;;;;;
1/1/2020;2020;General Juan Madariaga;Total de hechos de hurtos;142;;;;;;;;;
1/1/2020;2020;General Juan Madariaga;Total de hechos de robos;62;;;;;;;;;
1/1/2021;2021;General Juan Madariaga;Total de hechos de hurtos;36;;;;;;;;;
1/1/2021;2021;General Juan Madariaga;Total de hechos de robos;26;;;;;;;;;
1/1/2014;2014;General Lamadrid;Total de hechos de hurtos;93;;;;;;;;;
1/1/2014;2014;General Lamadrid;Total de hechos de robos;26;;;;;;;;;
1/1/2015;2015;General Lamadrid;Total de hechos de hurtos;51;;;;;;;;;
1/1/2015;2015;General Lamadrid;Total de hechos de robos;8;;;;;;;;;
1/1/2016;2016;General Lamadrid;Total de hechos de hurtos;39;;;;;;;;;
1/1/2016;2016;General Lamadrid;Total de hechos de robos;17;;;;;;;;;
1/1/2017;2017;General Lamadrid;Total de hechos de hurtos;35;;;;;;;;;
1/1/2017;2017;General Lamadrid;Total de hechos de robos;9;;;;;;;;;
1/1/2018;2018;General Lamadrid;Total de hechos de hurtos;31;;;;;;;;;
1/1/2018;2018;General Lamadrid;Total de hechos de robos;10;;;;;;;;;
1/1/2019;2019;General Lamadrid;Total de hechos de hurtos;36;;;;;;;;;
1/1/2019;2019;General Lamadrid;Total de hechos de robos;11;;;;;;;;;
1/1/2020;2020;General Lamadrid;Total de hechos de hurtos;29;;;;;;;;;
1/1/2020;2020;General Lamadrid;Total de hechos de robos;3;;;;;;;;;
1/1/2021;2021;General Lamadrid;Total de hechos de hurtos;28;;;;;;;;;
1/1/2021;2021;General Lamadrid;Total de hechos de robos;4;;;;;;;;;
1/1/2014;2014;General Las Heras;Total de hechos de hurtos;32;;;;;;;;;
1/1/2014;2014;General Las Heras;Total de hechos de robos;20;;;;;;;;;
1/1/2015;2015;General Las Heras;Total de hechos de hurtos;36;;;;;;;;;
1/1/2015;2015;General Las Heras;Total de hechos de robos;19;;;;;;;;;
1/1/2016;2016;General Las Heras;Total de hechos de hurtos;22;;;;;;;;;
1/1/2016;2016;General Las Heras;Total de hechos de robos;19;;;;;;;;;
1/1/2017;2017;General Las Heras;Total de hechos de hurtos;30;;;;;;;;;
1/1/2017;2017;General Las Heras;Total de hechos de robos;14;;;;;;;;;
1/1/2018;2018;General Las Heras;Total de hechos de hurtos;20;;;;;;;;;
1/1/2018;2018;General Las Heras;Total de hechos de robos;20;;;;;;;;;
1/1/2019;2019;General Las Heras;Total de hechos de hurtos;42;;;;;;;;;
1/1/2019;2019;General Las Heras;Total de hechos de robos;33;;;;;;;;;
1/1/2020;2020;General Las Heras;Total de hechos de hurtos;41;;;;;;;;;
1/1/2020;2020;General Las Heras;Total de hechos de robos;19;;;;;;;;;
1/1/2021;2021;General Las Heras;Total de hechos de hurtos;69;;;;;;;;;
1/1/2021;2021;General Las Heras;Total de hechos de robos;38;;;;;;;;;
1/1/2014;2014;General Lavalle;Total de hechos de hurtos;29;;;;;;;;;
1/1/2014;2014;General Lavalle;Total de hechos de robos;18;;;;;;;;;
1/1/2015;2015;General Lavalle;Total de hechos de hurtos;10;;;;;;;;;
1/1/2015;2015;General Lavalle;Total de hechos de robos;11;;;;;;;;;
1/1/2016;2016;General Lavalle;Total de hechos de hurtos;10;;;;;;;;;
1/1/2016;2016;General Lavalle;Total de hechos de robos;11;;;;;;;;;
1/1/2017;2017;General Lavalle;Total de hechos de hurtos;7;;;;;;;;;
1/1/2017;2017;General Lavalle;Total de hechos de robos;8;;;;;;;;;
1/1/2018;2018;General Lavalle;Total de hechos de hurtos;9;;;;;;;;;
1/1/2018;2018;General Lavalle;Total de hechos de robos;3;;;;;;;;;
1/1/2019;2019;General Lavalle;Total de hechos de hurtos;33;;;;;;;;;
1/1/2019;2019;General Lavalle;Total de hechos de robos;16;;;;;;;;;
1/1/2020;2020;General Lavalle;Total de hechos de hurtos;17;;;;;;;;;
1/1/2020;2020;General Lavalle;Total de hechos de robos;12;;;;;;;;;
1/1/2021;2021;General Lavalle;Total de hechos de hurtos;16;;;;;;;;;
1/1/2021;2021;General Lavalle;Total de hechos de robos;12;;;;;;;;;
1/1/2014;2014;General Paz;Total de hechos de hurtos;17;;;;;;;;;
1/1/2014;2014;General Paz;Total de hechos de robos;18;;;;;;;;;
1/1/2015;2015;General Paz;Total de hechos de hurtos;10;;;;;;;;;
1/1/2015;2015;General Paz;Total de hechos de robos;8;;;;;;;;;
1/1/2016;2016;General Paz;Total de hechos de hurtos;20;;;;;;;;;
1/1/2016;2016;General Paz;Total de hechos de robos;12;;;;;;;;;
1/1/2017;2017;General Paz;Total de hechos de hurtos;14;;;;;;;;;
1/1/2017;2017;General Paz;Total de hechos de robos;10;;;;;;;;;
1/1/2018;2018;General Paz;Total de hechos de hurtos;16;;;;;;;;;
1/1/2018;2018;General Paz;Total de hechos de robos;7;;;;;;;;;
1/1/2019;2019;General Paz;Total de hechos de hurtos;74;;;;;;;;;
1/1/2019;2019;General Paz;Total de hechos de robos;22;;;;;;;;;
1/1/2020;2020;General Paz;Total de hechos de hurtos;58;;;;;;;;;
1/1/2020;2020;General Paz;Total de hechos de robos;28;;;;;;;;;
1/1/2021;2021;General Paz;Total de hechos de hurtos;75;;;;;;;;;
1/1/2021;2021;General Paz;Total de hechos de robos;27;;;;;;;;;
1/1/2014;2014;General Pinto;Total de hechos de hurtos;25;;;;;;;;;
1/1/2014;2014;General Pinto;Total de hechos de robos;16;;;;;;;;;
1/1/2015;2015;General Pinto;Total de hechos de hurtos;35;;;;;;;;;
1/1/2015;2015;General Pinto;Total de hechos de robos;17;;;;;;;;;
1/1/2016;2016;General Pinto;Total de hechos de hurtos;32;;;;;;;;;
1/1/2016;2016;General Pinto;Total de hechos de robos;9;;;;;;;;;
1/1/2017;2017;General Pinto;Total de hechos de hurtos;22;;;;;;;;;
1/1/2017;2017;General Pinto;Total de hechos de robos;8;;;;;;;;;
1/1/2018;2018;General Pinto;Total de hechos de hurtos;15;;;;;;;;;
1/1/2018;2018;General Pinto;Total de hechos de robos;12;;;;;;;;;
1/1/2019;2019;General Pinto;Total de hechos de hurtos;15;;;;;;;;;
1/1/2019;2019;General Pinto;Total de hechos de robos;5;;;;;;;;;
1/1/2020;2020;General Pinto;Total de hechos de hurtos;23;;;;;;;;;
1/1/2020;2020;General Pinto;Total de hechos de robos;4;;;;;;;;;
1/1/2021;2021;General Pinto;Total de hechos de hurtos;21;;;;;;;;;
1/1/2021;2021;General Pinto;Total de hechos de robos;9;;;;;;;;;
1/1/2014;2014;General Pueyrredón;Total de hechos de hurtos;2840;;;;;;;;;
1/1/2014;2014;General Pueyrredón;Total de hechos de robos;2446;;;;;;;;;
1/1/2015;2015;General Pueyrredón;Total de hechos de hurtos;2594;;;;;;;;;
1/1/2015;2015;General Pueyrredón;Total de hechos de robos;2651;;;;;;;;;
1/1/2016;2016;General Pueyrredón;Total de hechos de hurtos;2060;;;;;;;;;
1/1/2016;2016;General Pueyrredón;Total de hechos de robos;2062;;;;;;;;;
1/1/2017;2017;General Pueyrredón;Total de hechos de hurtos;2143;;;;;;;;;
1/1/2017;2017;General Pueyrredón;Total de hechos de robos;2072;;;;;;;;;
1/1/2018;2018;General Pueyrredón;Total de hechos de hurtos;2130;;;;;;;;;
1/1/2018;2018;General Pueyrredón;Total de hechos de robos;2104;;;;;;;;;
1/1/2019;2019;General Pueyrredón;Total de hechos de hurtos;3002;;;;;;;;;
1/1/2019;2019;General Pueyrredón;Total de hechos de robos;4035;;;;;;;;;
1/1/2020;2020;General Pueyrredón;Total de hechos de hurtos;1985;;;;;;;;;
1/1/2020;2020;General Pueyrredón;Total de hechos de robos;2930;;;;;;;;;
1/1/2021;2021;General Pueyrredón;Total de hechos de hurtos;1971;;;;;;;;;
1/1/2021;2021;General Pueyrredón;Total de hechos de robos;3010;;;;;;;;;
1/1/2014;2014;General Rodríguez;Total de hechos de hurtos;355;;;;;;;;;
1/1/2014;2014;General Rodríguez;Total de hechos de robos;652;;;;;;;;;
1/1/2015;2015;General Rodríguez;Total de hechos de hurtos;317;;;;;;;;;
1/1/2015;2015;General Rodríguez;Total de hechos de robos;424;;;;;;;;;
1/1/2016;2016;General Rodríguez;Total de hechos de hurtos;207;;;;;;;;;
1/1/2016;2016;General Rodríguez;Total de hechos de robos;334;;;;;;;;;
1/1/2017;2017;General Rodríguez;Total de hechos de hurtos;180;;;;;;;;;
1/1/2017;2017;General Rodríguez;Total de hechos de robos;270;;;;;;;;;
1/1/2018;2018;General Rodríguez;Total de hechos de hurtos;476;;;;;;;;;
1/1/2018;2018;General Rodríguez;Total de hechos de robos;813;;;;;;;;;
1/1/2019;2019;General Rodríguez;Total de hechos de hurtos;800;;;;;;;;;
1/1/2019;2019;General Rodríguez;Total de hechos de robos;1188;;;;;;;;;
1/1/2020;2020;General Rodríguez;Total de hechos de hurtos;561;;;;;;;;;
1/1/2020;2020;General Rodríguez;Total de hechos de robos;930;;;;;;;;;
1/1/2021;2021;General Rodríguez;Total de hechos de hurtos;584;;;;;;;;;
1/1/2021;2021;General Rodríguez;Total de hechos de robos;940;;;;;;;;;
1/1/2014;2014;General San Martín;Total de hechos de hurtos;2152;;;;;;;;;
1/1/2014;2014;General San Martín;Total de hechos de robos;4103;;;;;;;;;
1/1/2015;2015;General San Martín;Total de hechos de hurtos;1877;;;;;;;;;
1/1/2015;2015;General San Martín;Total de hechos de robos;3362;;;;;;;;;
1/1/2016;2016;General San Martín;Total de hechos de hurtos;1863;;;;;;;;;
1/1/2016;2016;General San Martín;Total de hechos de robos;3130;;;;;;;;;
1/1/2017;2017;General San Martín;Total de hechos de hurtos;1873;;;;;;;;;
1/1/2017;2017;General San Martín;Total de hechos de robos;2941;;;;;;;;;
1/1/2018;2018;General San Martín;Total de hechos de hurtos;2812;;;;;;;;;
1/1/2018;2018;General San Martín;Total de hechos de robos;4434;;;;;;;;;
1/1/2019;2019;General San Martín;Total de hechos de hurtos;2646;;;;;;;;;
1/1/2019;2019;General San Martín;Total de hechos de robos;4040;;;;;;;;;
1/1/2020;2020;General San Martín;Total de hechos de hurtos;2263;;;;;;;;;
1/1/2020;2020;General San Martín;Total de hechos de robos;3376;;;;;;;;;
1/1/2021;2021;General San Martín;Total de hechos de hurtos;2302;;;;;;;;;
1/1/2021;2021;General San Martín;Total de hechos de robos;3565;;;;;;;;;
1/1/2014;2014;General Viamonte;Total de hechos de hurtos;59;;;;;;;;;
1/1/2014;2014;General Viamonte;Total de hechos de robos;55;;;;;;;;;
1/1/2015;2015;General Viamonte;Total de hechos de hurtos;50;;;;;;;;;
1/1/2015;2015;General Viamonte;Total de hechos de robos;23;;;;;;;;;
1/1/2016;2016;General Viamonte;Total de hechos de hurtos;47;;;;;;;;;
1/1/2016;2016;General Viamonte;Total de hechos de robos;33;;;;;;;;;
1/1/2017;2017;General Viamonte;Total de hechos de hurtos;39;;;;;;;;;
1/1/2017;2017;General Viamonte;Total de hechos de robos;41;;;;;;;;;
1/1/2018;2018;General Viamonte;Total de hechos de hurtos;54;;;;;;;;;
1/1/2018;2018;General Viamonte;Total de hechos de robos;32;;;;;;;;;
1/1/2019;2019;General Viamonte;Total de hechos de hurtos;64;;;;;;;;;
1/1/2019;2019;General Viamonte;Total de hechos de robos;42;;;;;;;;;
1/1/2020;2020;General Viamonte;Total de hechos de hurtos;37;;;;;;;;;
1/1/2020;2020;General Viamonte;Total de hechos de robos;23;;;;;;;;;
1/1/2021;2021;General Viamonte;Total de hechos de hurtos;75;;;;;;;;;
1/1/2021;2021;General Viamonte;Total de hechos de robos;18;;;;;;;;;
1/1/2014;2014;General Villegas;Total de hechos de hurtos;143;;;;;;;;;
1/1/2014;2014;General Villegas;Total de hechos de robos;76;;;;;;;;;
1/1/2015;2015;General Villegas;Total de hechos de hurtos;141;;;;;;;;;
1/1/2015;2015;General Villegas;Total de hechos de robos;65;;;;;;;;;
1/1/2016;2016;General Villegas;Total de hechos de hurtos;121;;;;;;;;;
1/1/2016;2016;General Villegas;Total de hechos de robos;30;;;;;;;;;
1/1/2017;2017;General Villegas;Total de hechos de hurtos;160;;;;;;;;;
1/1/2017;2017;General Villegas;Total de hechos de robos;68;;;;;;;;;
1/1/2018;2018;General Villegas;Total de hechos de hurtos;158;;;;;;;;;
1/1/2018;2018;General Villegas;Total de hechos de robos;86;;;;;;;;;
1/1/2019;2019;General Villegas;Total de hechos de hurtos;226;;;;;;;;;
1/1/2019;2019;General Villegas;Total de hechos de robos;62;;;;;;;;;
1/1/2020;2020;General Villegas;Total de hechos de hurtos;146;;;;;;;;;
1/1/2020;2020;General Villegas;Total de hechos de robos;34;;;;;;;;;
1/1/2021;2021;General Villegas;Total de hechos de hurtos;142;;;;;;;;;
1/1/2021;2021;General Villegas;Total de hechos de robos;37;;;;;;;;;
1/1/2014;2014;Guaminí;Total de hechos de hurtos;24;;;;;;;;;
1/1/2014;2014;Guaminí;Total de hechos de robos;2;;;;;;;;;
1/1/2015;2015;Guaminí;Total de hechos de hurtos;24;;;;;;;;;
1/1/2015;2015;Guaminí;Total de hechos de robos;4;;;;;;;;;
1/1/2016;2016;Guaminí;Total de hechos de hurtos;22;;;;;;;;;
1/1/2016;2016;Guaminí;Total de hechos de robos;4;;;;;;;;;
1/1/2017;2017;Guaminí;Total de hechos de hurtos;8;;;;;;;;;
1/1/2017;2017;Guaminí;Total de hechos de robos;3;;;;;;;;;
1/1/2018;2018;Guaminí;Total de hechos de hurtos;20;;;;;;;;;
1/1/2018;2018;Guaminí;Total de hechos de robos;9;;;;;;;;;
1/1/2019;2019;Guaminí;Total de hechos de hurtos;30;;;;;;;;;
1/1/2019;2019;Guaminí;Total de hechos de robos;6;;;;;;;;;
1/1/2020;2020;Guaminí;Total de hechos de hurtos;28;;;;;;;;;
1/1/2020;2020;Guaminí;Total de hechos de robos;5;;;;;;;;;
1/1/2021;2021;Guaminí;Total de hechos de hurtos;32;;;;;;;;;
1/1/2021;2021;Guaminí;Total de hechos de robos;3;;;;;;;;;
1/1/2014;2014;Hipólito Yrigoyen;Total de hechos de hurtos;13;;;;;;;;;
1/1/2014;2014;Hipólito Yrigoyen;Total de hechos de robos;4;;;;;;;;;
1/1/2015;2015;Hipólito Yrigoyen;Total de hechos de hurtos;9;;;;;;;;;
1/1/2015;2015;Hipólito Yrigoyen;Total de hechos de robos;6;;;;;;;;;
1/1/2016;2016;Hipólito Yrigoyen;Total de hechos de hurtos;29;;;;;;;;;
1/1/2016;2016;Hipólito Yrigoyen;Total de hechos de robos;10;;;;;;;;;
1/1/2017;2017;Hipólito Yrigoyen;Total de hechos de hurtos;26;;;;;;;;;
1/1/2017;2017;Hipólito Yrigoyen;Total de hechos de robos;6;;;;;;;;;
1/1/2018;2018;Hipólito Yrigoyen;Total de hechos de hurtos;29;;;;;;;;;
1/1/2018;2018;Hipólito Yrigoyen;Total de hechos de robos;9;;;;;;;;;
1/1/2019;2019;Hipólito Yrigoyen;Total de hechos de hurtos;38;;;;;;;;;
1/1/2019;2019;Hipólito Yrigoyen;Total de hechos de robos;9;;;;;;;;;
1/1/2020;2020;Hipólito Yrigoyen;Total de hechos de hurtos;18;;;;;;;;;
1/1/2020;2020;Hipólito Yrigoyen;Total de hechos de robos;3;;;;;;;;;
1/1/2021;2021;Hipólito Yrigoyen;Total de hechos de hurtos;30;;;;;;;;;
1/1/2021;2021;Hipólito Yrigoyen;Total de hechos de robos;2;;;;;;;;;
1/1/2014;2014;Hurlingham;Total de hechos de hurtos;784;;;;;;;;;
1/1/2014;2014;Hurlingham;Total de hechos de robos;1201;;;;;;;;;
1/1/2015;2015;Hurlingham;Total de hechos de hurtos;587;;;;;;;;;
1/1/2015;2015;Hurlingham;Total de hechos de robos;831;;;;;;;;;
1/1/2016;2016;Hurlingham;Total de hechos de hurtos;566;;;;;;;;;
1/1/2016;2016;Hurlingham;Total de hechos de robos;836;;;;;;;;;
1/1/2017;2017;Hurlingham;Total de hechos de hurtos;579;;;;;;;;;
1/1/2017;2017;Hurlingham;Total de hechos de robos;810;;;;;;;;;
1/1/2018;2018;Hurlingham;Total de hechos de hurtos;675;;;;;;;;;
1/1/2018;2018;Hurlingham;Total de hechos de robos;1117;;;;;;;;;
1/1/2019;2019;Hurlingham;Total de hechos de hurtos;1329;;;;;;;;;
1/1/2019;2019;Hurlingham;Total de hechos de robos;1596;;;;;;;;;
1/1/2020;2020;Hurlingham;Total de hechos de hurtos;683;;;;;;;;;
1/1/2020;2020;Hurlingham;Total de hechos de robos;1158;;;;;;;;;
1/1/2021;2021;Hurlingham;Total de hechos de hurtos;733;;;;;;;;;
1/1/2021;2021;Hurlingham;Total de hechos de robos;1057;;;;;;;;;
1/1/2014;2014;Ituzaingó;Total de hechos de hurtos;800;;;;;;;;;
1/1/2014;2014;Ituzaingó;Total de hechos de robos;1937;;;;;;;;;
1/1/2015;2015;Ituzaingó;Total de hechos de hurtos;876;;;;;;;;;
1/1/2015;2015;Ituzaingó;Total de hechos de robos;1661;;;;;;;;;
1/1/2016;2016;Ituzaingó;Total de hechos de hurtos;985;;;;;;;;;
1/1/2016;2016;Ituzaingó;Total de hechos de robos;1695;;;;;;;;;
1/1/2017;2017;Ituzaingó;Total de hechos de hurtos;817;;;;;;;;;
1/1/2017;2017;Ituzaingó;Total de hechos de robos;1590;;;;;;;;;
1/1/2018;2018;Ituzaingó;Total de hechos de hurtos;1271;;;;;;;;;
1/1/2018;2018;Ituzaingó;Total de hechos de robos;2134;;;;;;;;;
1/1/2019;2019;Ituzaingó;Total de hechos de hurtos;1603;;;;;;;;;
1/1/2019;2019;Ituzaingó;Total de hechos de robos;2542;;;;;;;;;
1/1/2020;2020;Ituzaingó;Total de hechos de hurtos;873;;;;;;;;;
1/1/2020;2020;Ituzaingó;Total de hechos de robos;1527;;;;;;;;;
1/1/2021;2021;Ituzaingó;Total de hechos de hurtos;704;;;;;;;;;
1/1/2021;2021;Ituzaingó;Total de hechos de robos;1284;;;;;;;;;
1/1/2014;2014;José C. Paz;Total de hechos de hurtos;866;;;;;;;;;
1/1/2014;2014;José C. Paz;Total de hechos de robos;1452;;;;;;;;;
1/1/2015;2015;José C. Paz;Total de hechos de hurtos;862;;;;;;;;;
1/1/2015;2015;José C. Paz;Total de hechos de robos;1234;;;;;;;;;
1/1/2016;2016;José C. Paz;Total de hechos de hurtos;915;;;;;;;;;
1/1/2016;2016;José C. Paz;Total de hechos de robos;1505;;;;;;;;;
1/1/2017;2017;José C. Paz;Total de hechos de hurtos;706;;;;;;;;;
1/1/2017;2017;José C. Paz;Total de hechos de robos;1443;;;;;;;;;
1/1/2018;2018;José C. Paz;Total de hechos de hurtos;606;;;;;;;;;
1/1/2018;2018;José C. Paz;Total de hechos de robos;1118;;;;;;;;;
1/1/2019;2019;José C. Paz;Total de hechos de hurtos;970;;;;;;;;;
1/1/2019;2019;José C. Paz;Total de hechos de robos;1777;;;;;;;;;
1/1/2020;2020;José C. Paz;Total de hechos de hurtos;699;;;;;;;;;
1/1/2020;2020;José C. Paz;Total de hechos de robos;1659;;;;;;;;;
1/1/2021;2021;José C. Paz;Total de hechos de hurtos;933;;;;;;;;;
1/1/2021;2021;José C. Paz;Total de hechos de robos;1715;;;;;;;;;
1/1/2014;2014;Junín;Total de hechos de hurtos;507;;;;;;;;;
1/1/2014;2014;Junín;Total de hechos de robos;526;;;;;;;;;
1/1/2015;2015;Junín;Total de hechos de hurtos;627;;;;;;;;;
1/1/2015;2015;Junín;Total de hechos de robos;457;;;;;;;;;
1/1/2016;2016;Junín;Total de hechos de hurtos;712;;;;;;;;;
1/1/2016;2016;Junín;Total de hechos de robos;447;;;;;;;;;
1/1/2017;2017;Junín;Total de hechos de hurtos;401;;;;;;;;;
1/1/2017;2017;Junín;Total de hechos de robos;311;;;;;;;;;
1/1/2018;2018;Junín;Total de hechos de hurtos;336;;;;;;;;;
1/1/2018;2018;Junín;Total de hechos de robos;293;;;;;;;;;
1/1/2019;2019;Junín;Total de hechos de hurtos;808;;;;;;;;;
1/1/2019;2019;Junín;Total de hechos de robos;596;;;;;;;;;
1/1/2020;2020;Junín;Total de hechos de hurtos;330;;;;;;;;;
1/1/2020;2020;Junín;Total de hechos de robos;269;;;;;;;;;
1/1/2021;2021;Junín;Total de hechos de hurtos;485;;;;;;;;;
1/1/2021;2021;Junín;Total de hechos de robos;284;;;;;;;;;
1/1/2014;2014;La Costa;Total de hechos de hurtos;300;;;;;;;;;
1/1/2014;2014;La Costa;Total de hechos de robos;619;;;;;;;;;
1/1/2015;2015;La Costa;Total de hechos de hurtos;234;;;;;;;;;
1/1/2015;2015;La Costa;Total de hechos de robos;475;;;;;;;;;
1/1/2016;2016;La Costa;Total de hechos de hurtos;234;;;;;;;;;
1/1/2016;2016;La Costa;Total de hechos de robos;371;;;;;;;;;
1/1/2017;2017;La Costa;Total de hechos de hurtos;176;;;;;;;;;
1/1/2017;2017;La Costa;Total de hechos de robos;301;;;;;;;;;
1/1/2018;2018;La Costa;Total de hechos de hurtos;233;;;;;;;;;
1/1/2018;2018;La Costa;Total de hechos de robos;258;;;;;;;;;
1/1/2019;2019;La Costa;Total de hechos de hurtos;572;;;;;;;;;
1/1/2019;2019;La Costa;Total de hechos de robos;877;;;;;;;;;
1/1/2020;2020;La Costa;Total de hechos de hurtos;500;;;;;;;;;
1/1/2020;2020;La Costa;Total de hechos de robos;519;;;;;;;;;
1/1/2021;2021;La Costa;Total de hechos de hurtos;353;;;;;;;;;
1/1/2021;2021;La Costa;Total de hechos de robos;449;;;;;;;;;
1/1/2014;2014;La Matanza;Total de hechos de hurtos;4121;;;;;;;;;
1/1/2014;2014;La Matanza;Total de hechos de robos;9663;;;;;;;;;
1/1/2015;2015;La Matanza;Total de hechos de hurtos;3834;;;;;;;;;
1/1/2015;2015;La Matanza;Total de hechos de robos;7974;;;;;;;;;
1/1/2016;2016;La Matanza;Total de hechos de hurtos;4133;;;;;;;;;
1/1/2016;2016;La Matanza;Total de hechos de robos;7888;;;;;;;;;
1/1/2017;2017;La Matanza;Total de hechos de hurtos;4062;;;;;;;;;
1/1/2017;2017;La Matanza;Total de hechos de robos;9377;;;;;;;;;
1/1/2018;2018;La Matanza;Total de hechos de hurtos;5385;;;;;;;;;
1/1/2018;2018;La Matanza;Total de hechos de robos;11699;;;;;;;;;
1/1/2019;2019;La Matanza;Total de hechos de hurtos;11679;;;;;;;;;
1/1/2019;2019;La Matanza;Total de hechos de robos;22952;;;;;;;;;
1/1/2020;2020;La Matanza;Total de hechos de hurtos;7513;;;;;;;;;
1/1/2020;2020;La Matanza;Total de hechos de robos;15787;;;;;;;;;
1/1/2021;2021;La Matanza;Total de hechos de hurtos;8319;;;;;;;;;
1/1/2021;2021;La Matanza;Total de hechos de robos;15991;;;;;;;;;
1/1/2014;2014;La Plata;Total de hechos de hurtos;2985;;;;;;;;;
1/1/2014;2014;La Plata;Total de hechos de robos;1783;;;;;;;;;
1/1/2015;2015;La Plata;Total de hechos de hurtos;2796;;;;;;;;;
1/1/2015;2015;La Plata;Total de hechos de robos;2923;;;;;;;;;
1/1/2016;2016;La Plata;Total de hechos de hurtos;3263;;;;;;;;;
1/1/2016;2016;La Plata;Total de hechos de robos;3986;;;;;;;;;
1/1/2017;2017;La Plata;Total de hechos de hurtos;3221;;;;;;;;;
1/1/2017;2017;La Plata;Total de hechos de robos;5033;;;;;;;;;
1/1/2018;2018;La Plata;Total de hechos de hurtos;4357;;;;;;;;;
1/1/2018;2018;La Plata;Total de hechos de robos;5452;;;;;;;;;
1/1/2019;2019;La Plata;Total de hechos de hurtos;5163;;;;;;;;;
1/1/2019;2019;La Plata;Total de hechos de robos;6287;;;;;;;;;
1/1/2020;2020;La Plata;Total de hechos de hurtos;2953;;;;;;;;;
1/1/2020;2020;La Plata;Total de hechos de robos;4117;;;;;;;;;
1/1/2021;2021;La Plata;Total de hechos de hurtos;3746;;;;;;;;;
1/1/2021;2021;La Plata;Total de hechos de robos;5215;;;;;;;;;
1/1/2014;2014;Lanús;Total de hechos de hurtos;1451;;;;;;;;;
1/1/2014;2014;Lanús;Total de hechos de robos;3225;;;;;;;;;
1/1/2015;2015;Lanús;Total de hechos de hurtos;1313;;;;;;;;;
1/1/2015;2015;Lanús;Total de hechos de robos;3135;;;;;;;;;
1/1/2016;2016;Lanús;Total de hechos de hurtos;1331;;;;;;;;;
1/1/2016;2016;Lanús;Total de hechos de robos;3115;;;;;;;;;
1/1/2017;2017;Lanús;Total de hechos de hurtos;1562;;;;;;;;;
1/1/2017;2017;Lanús;Total de hechos de robos;2899;;;;;;;;;
1/1/2018;2018;Lanús;Total de hechos de hurtos;2456;;;;;;;;;
1/1/2018;2018;Lanús;Total de hechos de robos;4575;;;;;;;;;
1/1/2019;2019;Lanús;Total de hechos de hurtos;2573;;;;;;;;;
1/1/2019;2019;Lanús;Total de hechos de robos;5007;;;;;;;;;
1/1/2020;2020;Lanús;Total de hechos de hurtos;1654;;;;;;;;;
1/1/2020;2020;Lanús;Total de hechos de robos;3813;;;;;;;;;
1/1/2021;2021;Lanús;Total de hechos de hurtos;1917;;;;;;;;;
1/1/2021;2021;Lanús;Total de hechos de robos;3497;;;;;;;;;
1/1/2014;2014;Laprida;Total de hechos de hurtos;81;;;;;;;;;
1/1/2014;2014;Laprida;Total de hechos de robos;20;;;;;;;;;
1/1/2015;2015;Laprida;Total de hechos de hurtos;54;;;;;;;;;
1/1/2015;2015;Laprida;Total de hechos de robos;10;;;;;;;;;
1/1/2016;2016;Laprida;Total de hechos de hurtos;29;;;;;;;;;
1/1/2016;2016;Laprida;Total de hechos de robos;27;;;;;;;;;
1/1/2017;2017;Laprida;Total de hechos de hurtos;54;;;;;;;;;
1/1/2017;2017;Laprida;Total de hechos de robos;20;;;;;;;;;
1/1/2018;2018;Laprida;Total de hechos de hurtos;35;;;;;;;;;
1/1/2018;2018;Laprida;Total de hechos de robos;10;;;;;;;;;
1/1/2019;2019;Laprida;Total de hechos de hurtos;40;;;;;;;;;
1/1/2019;2019;Laprida;Total de hechos de robos;9;;;;;;;;;
1/1/2020;2020;Laprida;Total de hechos de hurtos;63;;;;;;;;;
1/1/2020;2020;Laprida;Total de hechos de robos;11;;;;;;;;;
1/1/2021;2021;Laprida;Total de hechos de hurtos;52;;;;;;;;;
1/1/2021;2021;Laprida;Total de hechos de robos;12;;;;;;;;;
1/1/2014;2014;Las Flores;Total de hechos de hurtos;64;;;;;;;;;
1/1/2014;2014;Las Flores;Total de hechos de robos;32;;;;;;;;;
1/1/2015;2015;Las Flores;Total de hechos de hurtos;50;;;;;;;;;
1/1/2015;2015;Las Flores;Total de hechos de robos;22;;;;;;;;;
1/1/2016;2016;Las Flores;Total de hechos de hurtos;37;;;;;;;;;
1/1/2016;2016;Las Flores;Total de hechos de robos;19;;;;;;;;;
1/1/2017;2017;Las Flores;Total de hechos de hurtos;28;;;;;;;;;
1/1/2017;2017;Las Flores;Total de hechos de robos;11;;;;;;;;;
1/1/2018;2018;Las Flores;Total de hechos de hurtos;42;;;;;;;;;
1/1/2018;2018;Las Flores;Total de hechos de robos;10;;;;;;;;;
1/1/2019;2019;Las Flores;Total de hechos de hurtos;132;;;;;;;;;
1/1/2019;2019;Las Flores;Total de hechos de robos;43;;;;;;;;;
1/1/2020;2020;Las Flores;Total de hechos de hurtos;67;;;;;;;;;
1/1/2020;2020;Las Flores;Total de hechos de robos;18;;;;;;;;;
1/1/2021;2021;Las Flores;Total de hechos de hurtos;28;;;;;;;;;
1/1/2021;2021;Las Flores;Total de hechos de robos;17;;;;;;;;;
1/1/2014;2014;Leandro N. Alem;Total de hechos de hurtos;17;;;;;;;;;
1/1/2014;2014;Leandro N. Alem;Total de hechos de robos;14;;;;;;;;;
1/1/2015;2015;Leandro N. Alem;Total de hechos de hurtos;8;;;;;;;;;
1/1/2015;2015;Leandro N. Alem;Total de hechos de robos;6;;;;;;;;;
1/1/2016;2016;Leandro N. Alem;Total de hechos de hurtos;20;;;;;;;;;
1/1/2016;2016;Leandro N. Alem;Total de hechos de robos;15;;;;;;;;;
1/1/2017;2017;Leandro N. Alem;Total de hechos de hurtos;13;;;;;;;;;
1/1/2017;2017;Leandro N. Alem;Total de hechos de robos;14;;;;;;;;;
1/1/2018;2018;Leandro N. Alem;Total de hechos de hurtos;15;;;;;;;;;
1/1/2018;2018;Leandro N. Alem;Total de hechos de robos;4;;;;;;;;;
1/1/2019;2019;Leandro N. Alem;Total de hechos de hurtos;18;;;;;;;;;
1/1/2019;2019;Leandro N. Alem;Total de hechos de robos;6;;;;;;;;;
1/1/2020;2020;Leandro N. Alem;Total de hechos de hurtos;11;;;;;;;;;
1/1/2020;2020;Leandro N. Alem;Total de hechos de robos;2;;;;;;;;;
1/1/2021;2021;Leandro N. Alem;Total de hechos de hurtos;31;;;;;;;;;
1/1/2021;2021;Leandro N. Alem;Total de hechos de robos;6;;;;;;;;;
1/1/2014;2014;Lezama;Total de hechos de hurtos;7;;;;;;;;;
1/1/2014;2014;Lezama;Total de hechos de robos;2;;;;;;;;;
1/1/2015;2015;Lezama;Total de hechos de hurtos;4;;;;;;;;;
1/1/2015;2015;Lezama;Total de hechos de robos;4;;;;;;;;;
1/1/2016;2016;Lezama;Total de hechos de hurtos;15;;;;;;;;;
1/1/2016;2016;Lezama;Total de hechos de robos;1;;;;;;;;;
1/1/2017;2017;Lezama;Total de hechos de hurtos;14;;;;;;;;;
1/1/2017;2017;Lezama;Total de hechos de robos;3;;;;;;;;;
1/1/2018;2018;Lezama;Total de hechos de hurtos;21;;;;;;;;;
1/1/2018;2018;Lezama;Total de hechos de robos;-;;;;;;;;;
1/1/2019;2019;Lezama;Total de hechos de hurtos;35;;;;;;;;;
1/1/2019;2019;Lezama;Total de hechos de robos;5;;;;;;;;;
1/1/2020;2020;Lezama;Total de hechos de hurtos;11;;;;;;;;;
1/1/2020;2020;Lezama;Total de hechos de robos;1;;;;;;;;;
1/1/2021;2021;Lezama;Total de hechos de hurtos;7;;;;;;;;;
1/1/2021;2021;Lezama;Total de hechos de robos;3;;;;;;;;;
1/1/2014;2014;Lincoln;Total de hechos de hurtos;178;;;;;;;;;
1/1/2014;2014;Lincoln;Total de hechos de robos;94;;;;;;;;;
1/1/2015;2015;Lincoln;Total de hechos de hurtos;164;;;;;;;;;
1/1/2015;2015;Lincoln;Total de hechos de robos;79;;;;;;;;;
1/1/2016;2016;Lincoln;Total de hechos de hurtos;111;;;;;;;;;
1/1/2016;2016;Lincoln;Total de hechos de robos;63;;;;;;;;;
1/1/2017;2017;Lincoln;Total de hechos de hurtos;98;;;;;;;;;
1/1/2017;2017;Lincoln;Total de hechos de robos;44;;;;;;;;;
1/1/2018;2018;Lincoln;Total de hechos de hurtos;144;;;;;;;;;
1/1/2018;2018;Lincoln;Total de hechos de robos;67;;;;;;;;;
1/1/2019;2019;Lincoln;Total de hechos de hurtos;156;;;;;;;;;
1/1/2019;2019;Lincoln;Total de hechos de robos;89;;;;;;;;;
1/1/2020;2020;Lincoln;Total de hechos de hurtos;74;;;;;;;;;
1/1/2020;2020;Lincoln;Total de hechos de robos;40;;;;;;;;;
1/1/2021;2021;Lincoln;Total de hechos de hurtos;61;;;;;;;;;
1/1/2021;2021;Lincoln;Total de hechos de robos;32;;;;;;;;;
1/1/2014;2014;Lobería;Total de hechos de hurtos;99;;;;;;;;;
1/1/2014;2014;Lobería;Total de hechos de robos;60;;;;;;;;;
1/1/2015;2015;Lobería;Total de hechos de hurtos;75;;;;;;;;;
1/1/2015;2015;Lobería;Total de hechos de robos;52;;;;;;;;;
1/1/2016;2016;Lobería;Total de hechos de hurtos;86;;;;;;;;;
1/1/2016;2016;Lobería;Total de hechos de robos;56;;;;;;;;;
1/1/2017;2017;Lobería;Total de hechos de hurtos;98;;;;;;;;;
1/1/2017;2017;Lobería;Total de hechos de robos;40;;;;;;;;;
1/1/2018;2018;Lobería;Total de hechos de hurtos;83;;;;;;;;;
1/1/2018;2018;Lobería;Total de hechos de robos;32;;;;;;;;;
1/1/2019;2019;Lobería;Total de hechos de hurtos;89;;;;;;;;;
1/1/2019;2019;Lobería;Total de hechos de robos;27;;;;;;;;;
1/1/2020;2020;Lobería;Total de hechos de hurtos;73;;;;;;;;;
1/1/2020;2020;Lobería;Total de hechos de robos;20;;;;;;;;;
1/1/2021;2021;Lobería;Total de hechos de hurtos;102;;;;;;;;;
1/1/2021;2021;Lobería;Total de hechos de robos;28;;;;;;;;;
1/1/2014;2014;Lobos;Total de hechos de hurtos;135;;;;;;;;;
1/1/2014;2014;Lobos;Total de hechos de robos;177;;;;;;;;;
1/1/2015;2015;Lobos;Total de hechos de hurtos;69;;;;;;;;;
1/1/2015;2015;Lobos;Total de hechos de robos;98;;;;;;;;;
1/1/2016;2016;Lobos;Total de hechos de hurtos;92;;;;;;;;;
1/1/2016;2016;Lobos;Total de hechos de robos;84;;;;;;;;;
1/1/2017;2017;Lobos;Total de hechos de hurtos;57;;;;;;;;;
1/1/2017;2017;Lobos;Total de hechos de robos;54;;;;;;;;;
1/1/2018;2018;Lobos;Total de hechos de hurtos;71;;;;;;;;;
1/1/2018;2018;Lobos;Total de hechos de robos;40;;;;;;;;;
1/1/2019;2019;Lobos;Total de hechos de hurtos;176;;;;;;;;;
1/1/2019;2019;Lobos;Total de hechos de robos;85;;;;;;;;;
1/1/2020;2020;Lobos;Total de hechos de hurtos;231;;;;;;;;;
1/1/2020;2020;Lobos;Total de hechos de robos;112;;;;;;;;;
1/1/2021;2021;Lobos;Total de hechos de hurtos;137;;;;;;;;;
1/1/2021;2021;Lobos;Total de hechos de robos;85;;;;;;;;;
1/1/2014;2014;Lomas de Zamora;Total de hechos de hurtos;1783;;;;;;;;;
1/1/2014;2014;Lomas de Zamora;Total de hechos de robos;4520;;;;;;;;;
1/1/2015;2015;Lomas de Zamora;Total de hechos de hurtos;1582;;;;;;;;;
1/1/2015;2015;Lomas de Zamora;Total de hechos de robos;4792;;;;;;;;;
1/1/2016;2016;Lomas de Zamora;Total de hechos de hurtos;1756;;;;;;;;;
1/1/2016;2016;Lomas de Zamora;Total de hechos de robos;4507;;;;;;;;;
1/1/2017;2017;Lomas de Zamora;Total de hechos de hurtos;1761;;;;;;;;;
1/1/2017;2017;Lomas de Zamora;Total de hechos de robos;4138;;;;;;;;;
1/1/2018;2018;Lomas de Zamora;Total de hechos de hurtos;2865;;;;;;;;;
1/1/2018;2018;Lomas de Zamora;Total de hechos de robos;5250;;;;;;;;;
1/1/2019;2019;Lomas de Zamora;Total de hechos de hurtos;4219;;;;;;;;;
1/1/2019;2019;Lomas de Zamora;Total de hechos de robos;7001;;;;;;;;;
1/1/2020;2020;Lomas de Zamora;Total de hechos de hurtos;2357;;;;;;;;;
1/1/2020;2020;Lomas de Zamora;Total de hechos de robos;5402;;;;;;;;;
1/1/2021;2021;Lomas de Zamora;Total de hechos de hurtos;2664;;;;;;;;;
1/1/2021;2021;Lomas de Zamora;Total de hechos de robos;5464;;;;;;;;;
1/1/2014;2014;Luján;Total de hechos de hurtos;309;;;;;;;;;
1/1/2014;2014;Luján;Total de hechos de robos;419;;;;;;;;;
1/1/2015;2015;Luján;Total de hechos de hurtos;246;;;;;;;;;
1/1/2015;2015;Luján;Total de hechos de robos;387;;;;;;;;;
1/1/2016;2016;Luján;Total de hechos de hurtos;306;;;;;;;;;
1/1/2016;2016;Luján;Total de hechos de robos;287;;;;;;;;;
1/1/2017;2017;Luján;Total de hechos de hurtos;299;;;;;;;;;
1/1/2017;2017;Luján;Total de hechos de robos;275;;;;;;;;;
1/1/2018;2018;Luján;Total de hechos de hurtos;329;;;;;;;;;
1/1/2018;2018;Luján;Total de hechos de robos;247;;;;;;;;;
1/1/2019;2019;Luján;Total de hechos de hurtos;525;;;;;;;;;
1/1/2019;2019;Luján;Total de hechos de robos;640;;;;;;;;;
1/1/2020;2020;Luján;Total de hechos de hurtos;389;;;;;;;;;
1/1/2020;2020;Luján;Total de hechos de robos;581;;;;;;;;;
1/1/2021;2021;Luján;Total de hechos de hurtos;417;;;;;;;;;
1/1/2021;2021;Luján;Total de hechos de robos;756;;;;;;;;;
1/1/2014;2014;Magdalena;Total de hechos de hurtos;62;;;;;;;;;
1/1/2014;2014;Magdalena;Total de hechos de robos;36;;;;;;;;;
1/1/2015;2015;Magdalena;Total de hechos de hurtos;26;;;;;;;;;
1/1/2015;2015;Magdalena;Total de hechos de robos;12;;;;;;;;;
1/1/2016;2016;Magdalena;Total de hechos de hurtos;63;;;;;;;;;
1/1/2016;2016;Magdalena;Total de hechos de robos;22;;;;;;;;;
1/1/2017;2017;Magdalena;Total de hechos de hurtos;50;;;;;;;;;
1/1/2017;2017;Magdalena;Total de hechos de robos;28;;;;;;;;;
1/1/2018;2018;Magdalena;Total de hechos de hurtos;30;;;;;;;;;
1/1/2018;2018;Magdalena;Total de hechos de robos;27;;;;;;;;;
1/1/2019;2019;Magdalena;Total de hechos de hurtos;62;;;;;;;;;
1/1/2019;2019;Magdalena;Total de hechos de robos;29;;;;;;;;;
1/1/2020;2020;Magdalena;Total de hechos de hurtos;37;;;;;;;;;
1/1/2020;2020;Magdalena;Total de hechos de robos;41;;;;;;;;;
1/1/2021;2021;Magdalena;Total de hechos de hurtos;73;;;;;;;;;
1/1/2021;2021;Magdalena;Total de hechos de robos;35;;;;;;;;;
1/1/2014;2014;Maipú;Total de hechos de hurtos;29;;;;;;;;;
1/1/2014;2014;Maipú;Total de hechos de robos;22;;;;;;;;;
1/1/2015;2015;Maipú;Total de hechos de hurtos;10;;;;;;;;;
1/1/2015;2015;Maipú;Total de hechos de robos;17;;;;;;;;;
1/1/2016;2016;Maipú;Total de hechos de hurtos;12;;;;;;;;;
1/1/2016;2016;Maipú;Total de hechos de robos;18;;;;;;;;;
1/1/2017;2017;Maipú;Total de hechos de hurtos;18;;;;;;;;;
1/1/2017;2017;Maipú;Total de hechos de robos;5;;;;;;;;;
1/1/2018;2018;Maipú;Total de hechos de hurtos;13;;;;;;;;;
1/1/2018;2018;Maipú;Total de hechos de robos;7;;;;;;;;;
1/1/2019;2019;Maipú;Total de hechos de hurtos;16;;;;;;;;;
1/1/2019;2019;Maipú;Total de hechos de robos;3;;;;;;;;;
1/1/2020;2020;Maipú;Total de hechos de hurtos;33;;;;;;;;;
1/1/2020;2020;Maipú;Total de hechos de robos;8;;;;;;;;;
1/1/2021;2021;Maipú;Total de hechos de hurtos;26;;;;;;;;;
1/1/2021;2021;Maipú;Total de hechos de robos;8;;;;;;;;;
1/1/2014;2014;Malvinas Argentinas;Total de hechos de hurtos;950;;;;;;;;;
1/1/2014;2014;Malvinas Argentinas;Total de hechos de robos;1469;;;;;;;;;
1/1/2015;2015;Malvinas Argentinas;Total de hechos de hurtos;1161;;;;;;;;;
1/1/2015;2015;Malvinas Argentinas;Total de hechos de robos;1736;;;;;;;;;
1/1/2016;2016;Malvinas Argentinas;Total de hechos de hurtos;987;;;;;;;;;
1/1/2016;2016;Malvinas Argentinas;Total de hechos de robos;1365;;;;;;;;;
1/1/2017;2017;Malvinas Argentinas;Total de hechos de hurtos;956;;;;;;;;;
1/1/2017;2017;Malvinas Argentinas;Total de hechos de robos;1293;;;;;;;;;
1/1/2018;2018;Malvinas Argentinas;Total de hechos de hurtos;1220;;;;;;;;;
1/1/2018;2018;Malvinas Argentinas;Total de hechos de robos;1692;;;;;;;;;
1/1/2019;2019;Malvinas Argentinas;Total de hechos de hurtos;2035;;;;;;;;;
1/1/2019;2019;Malvinas Argentinas;Total de hechos de robos;2894;;;;;;;;;
1/1/2020;2020;Malvinas Argentinas;Total de hechos de hurtos;1171;;;;;;;;;
1/1/2020;2020;Malvinas Argentinas;Total de hechos de robos;1873;;;;;;;;;
1/1/2021;2021;Malvinas Argentinas;Total de hechos de hurtos;991;;;;;;;;;
1/1/2021;2021;Malvinas Argentinas;Total de hechos de robos;1679;;;;;;;;;
1/1/2014;2014;Mar Chiquita;Total de hechos de hurtos;65;;;;;;;;;
1/1/2014;2014;Mar Chiquita;Total de hechos de robos;62;;;;;;;;;
1/1/2015;2015;Mar Chiquita;Total de hechos de hurtos;53;;;;;;;;;
1/1/2015;2015;Mar Chiquita;Total de hechos de robos;76;;;;;;;;;
1/1/2016;2016;Mar Chiquita;Total de hechos de hurtos;55;;;;;;;;;
1/1/2016;2016;Mar Chiquita;Total de hechos de robos;50;;;;;;;;;
1/1/2017;2017;Mar Chiquita;Total de hechos de hurtos;50;;;;;;;;;
1/1/2017;2017;Mar Chiquita;Total de hechos de robos;45;;;;;;;;;
1/1/2018;2018;Mar Chiquita;Total de hechos de hurtos;42;;;;;;;;;
1/1/2018;2018;Mar Chiquita;Total de hechos de robos;54;;;;;;;;;
1/1/2019;2019;Mar Chiquita;Total de hechos de hurtos;103;;;;;;;;;
1/1/2019;2019;Mar Chiquita;Total de hechos de robos;198;;;;;;;;;
1/1/2020;2020;Mar Chiquita;Total de hechos de hurtos;156;;;;;;;;;
1/1/2020;2020;Mar Chiquita;Total de hechos de robos;149;;;;;;;;;
1/1/2021;2021;Mar Chiquita;Total de hechos de hurtos;103;;;;;;;;;
1/1/2021;2021;Mar Chiquita;Total de hechos de robos;107;;;;;;;;;
1/1/2014;2014;Marcos Paz;Total de hechos de hurtos;167;;;;;;;;;
1/1/2014;2014;Marcos Paz;Total de hechos de robos;354;;;;;;;;;
1/1/2015;2015;Marcos Paz;Total de hechos de hurtos;151;;;;;;;;;
1/1/2015;2015;Marcos Paz;Total de hechos de robos;234;;;;;;;;;
1/1/2016;2016;Marcos Paz;Total de hechos de hurtos;177;;;;;;;;;
1/1/2016;2016;Marcos Paz;Total de hechos de robos;303;;;;;;;;;
1/1/2017;2017;Marcos Paz;Total de hechos de hurtos;223;;;;;;;;;
1/1/2017;2017;Marcos Paz;Total de hechos de robos;293;;;;;;;;;
1/1/2018;2018;Marcos Paz;Total de hechos de hurtos;150;;;;;;;;;
1/1/2018;2018;Marcos Paz;Total de hechos de robos;273;;;;;;;;;
1/1/2019;2019;Marcos Paz;Total de hechos de hurtos;414;;;;;;;;;
1/1/2019;2019;Marcos Paz;Total de hechos de robos;543;;;;;;;;;
1/1/2020;2020;Marcos Paz;Total de hechos de hurtos;242;;;;;;;;;
1/1/2020;2020;Marcos Paz;Total de hechos de robos;415;;;;;;;;;
1/1/2021;2021;Marcos Paz;Total de hechos de hurtos;236;;;;;;;;;
1/1/2021;2021;Marcos Paz;Total de hechos de robos;451;;;;;;;;;
1/1/2014;2014;Mercedes;Total de hechos de hurtos;217;;;;;;;;;
1/1/2014;2014;Mercedes;Total de hechos de robos;156;;;;;;;;;
1/1/2015;2015;Mercedes;Total de hechos de hurtos;236;;;;;;;;;
1/1/2015;2015;Mercedes;Total de hechos de robos;102;;;;;;;;;
1/1/2016;2016;Mercedes;Total de hechos de hurtos;151;;;;;;;;;
1/1/2016;2016;Mercedes;Total de hechos de robos;86;;;;;;;;;
1/1/2017;2017;Mercedes;Total de hechos de hurtos;62;;;;;;;;;
1/1/2017;2017;Mercedes;Total de hechos de robos;49;;;;;;;;;
1/1/2018;2018;Mercedes;Total de hechos de hurtos;45;;;;;;;;;
1/1/2018;2018;Mercedes;Total de hechos de robos;34;;;;;;;;;
1/1/2019;2019;Mercedes;Total de hechos de hurtos;178;;;;;;;;;
1/1/2019;2019;Mercedes;Total de hechos de robos;136;;;;;;;;;
1/1/2020;2020;Mercedes;Total de hechos de hurtos;229;;;;;;;;;
1/1/2020;2020;Mercedes;Total de hechos de robos;135;;;;;;;;;
1/1/2021;2021;Mercedes;Total de hechos de hurtos;262;;;;;;;;;
1/1/2021;2021;Mercedes;Total de hechos de robos;185;;;;;;;;;
1/1/2014;2014;Merlo;Total de hechos de hurtos;1073;;;;;;;;;
1/1/2014;2014;Merlo;Total de hechos de robos;2310;;;;;;;;;
1/1/2015;2015;Merlo;Total de hechos de hurtos;1090;;;;;;;;;
1/1/2015;2015;Merlo;Total de hechos de robos;2016;;;;;;;;;
1/1/2016;2016;Merlo;Total de hechos de hurtos;1154;;;;;;;;;
1/1/2016;2016;Merlo;Total de hechos de robos;1935;;;;;;;;;
1/1/2017;2017;Merlo;Total de hechos de hurtos;1066;;;;;;;;;
1/1/2017;2017;Merlo;Total de hechos de robos;1916;;;;;;;;;
1/1/2018;2018;Merlo;Total de hechos de hurtos;1367;;;;;;;;;
1/1/2018;2018;Merlo;Total de hechos de robos;2748;;;;;;;;;
1/1/2019;2019;Merlo;Total de hechos de hurtos;2541;;;;;;;;;
1/1/2019;2019;Merlo;Total de hechos de robos;5084;;;;;;;;;
1/1/2020;2020;Merlo;Total de hechos de hurtos;1662;;;;;;;;;
1/1/2020;2020;Merlo;Total de hechos de robos;3947;;;;;;;;;
1/1/2021;2021;Merlo;Total de hechos de hurtos;1274;;;;;;;;;
1/1/2021;2021;Merlo;Total de hechos de robos;3036;;;;;;;;;
1/1/2014;2014;Monte;Total de hechos de hurtos;51;;;;;;;;;
1/1/2014;2014;Monte;Total de hechos de robos;56;;;;;;;;;
1/1/2015;2015;Monte;Total de hechos de hurtos;55;;;;;;;;;
1/1/2015;2015;Monte;Total de hechos de robos;41;;;;;;;;;
1/1/2016;2016;Monte;Total de hechos de hurtos;66;;;;;;;;;
1/1/2016;2016;Monte;Total de hechos de robos;44;;;;;;;;;
1/1/2017;2017;Monte;Total de hechos de hurtos;19;;;;;;;;;
1/1/2017;2017;Monte;Total de hechos de robos;25;;;;;;;;;
1/1/2018;2018;Monte;Total de hechos de hurtos;29;;;;;;;;;
1/1/2018;2018;Monte;Total de hechos de robos;10;;;;;;;;;
1/1/2019;2019;Monte;Total de hechos de hurtos;132;;;;;;;;;
1/1/2019;2019;Monte;Total de hechos de robos;107;;;;;;;;;
1/1/2020;2020;Monte;Total de hechos de hurtos;92;;;;;;;;;
1/1/2020;2020;Monte;Total de hechos de robos;111;;;;;;;;;
1/1/2021;2021;Monte;Total de hechos de hurtos;97;;;;;;;;;
1/1/2021;2021;Monte;Total de hechos de robos;96;;;;;;;;;
1/1/2014;2014;Monte Hermoso;Total de hechos de hurtos;44;;;;;;;;;
1/1/2014;2014;Monte Hermoso;Total de hechos de robos;52;;;;;;;;;
1/1/2015;2015;Monte Hermoso;Total de hechos de hurtos;62;;;;;;;;;
1/1/2015;2015;Monte Hermoso;Total de hechos de robos;88;;;;;;;;;
1/1/2016;2016;Monte Hermoso;Total de hechos de hurtos;86;;;;;;;;;
1/1/2016;2016;Monte Hermoso;Total de hechos de robos;101;;;;;;;;;
1/1/2017;2017;Monte Hermoso;Total de hechos de hurtos;71;;;;;;;;;
1/1/2017;2017;Monte Hermoso;Total de hechos de robos;67;;;;;;;;;
1/1/2018;2018;Monte Hermoso;Total de hechos de hurtos;92;;;;;;;;;
1/1/2018;2018;Monte Hermoso;Total de hechos de robos;103;;;;;;;;;
1/1/2019;2019;Monte Hermoso;Total de hechos de hurtos;76;;;;;;;;;
1/1/2019;2019;Monte Hermoso;Total de hechos de robos;82;;;;;;;;;
1/1/2020;2020;Monte Hermoso;Total de hechos de hurtos;108;;;;;;;;;
1/1/2020;2020;Monte Hermoso;Total de hechos de robos;90;;;;;;;;;
1/1/2021;2021;Monte Hermoso;Total de hechos de hurtos;83;;;;;;;;;
1/1/2021;2021;Monte Hermoso;Total de hechos de robos;43;;;;;;;;;
1/1/2014;2014;Morón;Total de hechos de hurtos;1880;;;;;;;;;
1/1/2014;2014;Morón;Total de hechos de robos;3631;;;;;;;;;
1/1/2015;2015;Morón;Total de hechos de hurtos;1686;;;;;;;;;
1/1/2015;2015;Morón;Total de hechos de robos;2876;;;;;;;;;
1/1/2016;2016;Morón;Total de hechos de hurtos;1648;;;;;;;;;
1/1/2016;2016;Morón;Total de hechos de robos;2817;;;;;;;;;
1/1/2017;2017;Morón;Total de hechos de hurtos;1488;;;;;;;;;
1/1/2017;2017;Morón;Total de hechos de robos;2717;;;;;;;;;
1/1/2018;2018;Morón;Total de hechos de hurtos;2201;;;;;;;;;
1/1/2018;2018;Morón;Total de hechos de robos;3356;;;;;;;;;
1/1/2019;2019;Morón;Total de hechos de hurtos;3042;;;;;;;;;
1/1/2019;2019;Morón;Total de hechos de robos;5426;;;;;;;;;
1/1/2020;2020;Morón;Total de hechos de hurtos;2345;;;;;;;;;
1/1/2020;2020;Morón;Total de hechos de robos;3577;;;;;;;;;
1/1/2021;2021;Morón;Total de hechos de hurtos;2381;;;;;;;;;
1/1/2021;2021;Morón;Total de hechos de robos;3663;;;;;;;;;
1/1/2014;2014;Moreno;Total de hechos de hurtos;1408;;;;;;;;;
1/1/2014;2014;Moreno;Total de hechos de robos;3209;;;;;;;;;
1/1/2015;2015;Moreno;Total de hechos de hurtos;1655;;;;;;;;;
1/1/2015;2015;Moreno;Total de hechos de robos;3059;;;;;;;;;
1/1/2016;2016;Moreno;Total de hechos de hurtos;1676;;;;;;;;;
1/1/2016;2016;Moreno;Total de hechos de robos;3393;;;;;;;;;
1/1/2017;2017;Moreno;Total de hechos de hurtos;1450;;;;;;;;;
1/1/2017;2017;Moreno;Total de hechos de robos;3522;;;;;;;;;
1/1/2018;2018;Moreno;Total de hechos de hurtos;2061;;;;;;;;;
1/1/2018;2018;Moreno;Total de hechos de robos;4688;;;;;;;;;
1/1/2019;2019;Moreno;Total de hechos de hurtos;3045;;;;;;;;;
1/1/2019;2019;Moreno;Total de hechos de robos;5680;;;;;;;;;
1/1/2020;2020;Moreno;Total de hechos de hurtos;1919;;;;;;;;;
1/1/2020;2020;Moreno;Total de hechos de robos;4586;;;;;;;;;
1/1/2021;2021;Moreno;Total de hechos de hurtos;2120;;;;;;;;;
1/1/2021;2021;Moreno;Total de hechos de robos;4523;;;;;;;;;
1/1/2014;2014;Navarro;Total de hechos de hurtos;23;;;;;;;;;
1/1/2014;2014;Navarro;Total de hechos de robos;22;;;;;;;;;
1/1/2015;2015;Navarro;Total de hechos de hurtos;18;;;;;;;;;
1/1/2015;2015;Navarro;Total de hechos de robos;10;;;;;;;;;
1/1/2016;2016;Navarro;Total de hechos de hurtos;22;;;;;;;;;
1/1/2016;2016;Navarro;Total de hechos de robos;12;;;;;;;;;
1/1/2017;2017;Navarro;Total de hechos de hurtos;6;;;;;;;;;
1/1/2017;2017;Navarro;Total de hechos de robos;6;;;;;;;;;
1/1/2018;2018;Navarro;Total de hechos de hurtos;12;;;;;;;;;
1/1/2018;2018;Navarro;Total de hechos de robos;1;;;;;;;;;
1/1/2019;2019;Navarro;Total de hechos de hurtos;134;;;;;;;;;
1/1/2019;2019;Navarro;Total de hechos de robos;27;;;;;;;;;
1/1/2020;2020;Navarro;Total de hechos de hurtos;138;;;;;;;;;
1/1/2020;2020;Navarro;Total de hechos de robos;28;;;;;;;;;
1/1/2021;2021;Navarro;Total de hechos de hurtos;121;;;;;;;;;
1/1/2021;2021;Navarro;Total de hechos de robos;38;;;;;;;;;
1/1/2014;2014;Necochea;Total de hechos de hurtos;613;;;;;;;;;
1/1/2014;2014;Necochea;Total de hechos de robos;1024;;;;;;;;;
1/1/2015;2015;Necochea;Total de hechos de hurtos;506;;;;;;;;;
1/1/2015;2015;Necochea;Total de hechos de robos;947;;;;;;;;;
1/1/2016;2016;Necochea;Total de hechos de hurtos;523;;;;;;;;;
1/1/2016;2016;Necochea;Total de hechos de robos;880;;;;;;;;;
1/1/2017;2017;Necochea;Total de hechos de hurtos;561;;;;;;;;;
1/1/2017;2017;Necochea;Total de hechos de robos;723;;;;;;;;;
1/1/2018;2018;Necochea;Total de hechos de hurtos;654;;;;;;;;;
1/1/2018;2018;Necochea;Total de hechos de robos;557;;;;;;;;;
1/1/2019;2019;Necochea;Total de hechos de hurtos;915;;;;;;;;;
1/1/2019;2019;Necochea;Total de hechos de robos;767;;;;;;;;;
1/1/2020;2020;Necochea;Total de hechos de hurtos;662;;;;;;;;;
1/1/2020;2020;Necochea;Total de hechos de robos;728;;;;;;;;;
1/1/2021;2021;Necochea;Total de hechos de hurtos;750;;;;;;;;;
1/1/2021;2021;Necochea;Total de hechos de robos;579;;;;;;;;;
1/1/2014;2014;9 de Julio;Total de hechos de hurtos;174;;;;;;;;;
1/1/2014;2014;9 de Julio;Total de hechos de robos;73;;;;;;;;;
1/1/2015;2015;9 de Julio;Total de hechos de hurtos;108;;;;;;;;;
1/1/2015;2015;9 de Julio;Total de hechos de robos;78;;;;;;;;;
1/1/2016;2016;9 de Julio;Total de hechos de hurtos;204;;;;;;;;;
1/1/2016;2016;9 de Julio;Total de hechos de robos;121;;;;;;;;;
1/1/2017;2017;9 de Julio;Total de hechos de hurtos;180;;;;;;;;;
1/1/2017;2017;9 de Julio;Total de hechos de robos;83;;;;;;;;;
1/1/2018;2018;9 de Julio;Total de hechos de hurtos;242;;;;;;;;;
1/1/2018;2018;9 de Julio;Total de hechos de robos;99;;;;;;;;;
1/1/2019;2019;9 de Julio;Total de hechos de hurtos;214;;;;;;;;;
1/1/2019;2019;9 de Julio;Total de hechos de robos;85;;;;;;;;;
1/1/2020;2020;9 de Julio;Total de hechos de hurtos;170;;;;;;;;;
1/1/2020;2020;9 de Julio;Total de hechos de robos;47;;;;;;;;;
1/1/2021;2021;9 de Julio;Total de hechos de hurtos;98;;;;;;;;;
1/1/2021;2021;9 de Julio;Total de hechos de robos;53;;;;;;;;;
1/1/2014;2014;Olavarría;Total de hechos de hurtos;341;;;;;;;;;
1/1/2014;2014;Olavarría;Total de hechos de robos;221;;;;;;;;;
1/1/2015;2015;Olavarría;Total de hechos de hurtos;322;;;;;;;;;
1/1/2015;2015;Olavarría;Total de hechos de robos;181;;;;;;;;;
1/1/2016;2016;Olavarría;Total de hechos de hurtos;359;;;;;;;;;
1/1/2016;2016;Olavarría;Total de hechos de robos;200;;;;;;;;;
1/1/2017;2017;Olavarría;Total de hechos de hurtos;268;;;;;;;;;
1/1/2017;2017;Olavarría;Total de hechos de robos;178;;;;;;;;;
1/1/2018;2018;Olavarría;Total de hechos de hurtos;234;;;;;;;;;
1/1/2018;2018;Olavarría;Total de hechos de robos;191;;;;;;;;;
1/1/2019;2019;Olavarría;Total de hechos de hurtos;218;;;;;;;;;
1/1/2019;2019;Olavarría;Total de hechos de robos;230;;;;;;;;;
1/1/2020;2020;Olavarría;Total de hechos de hurtos;450;;;;;;;;;
1/1/2020;2020;Olavarría;Total de hechos de robos;303;;;;;;;;;
1/1/2021;2021;Olavarría;Total de hechos de hurtos;572;;;;;;;;;
1/1/2021;2021;Olavarría;Total de hechos de robos;302;;;;;;;;;
1/1/2014;2014;Patagones;Total de hechos de hurtos;167;;;;;;;;;
1/1/2014;2014;Patagones;Total de hechos de robos;147;;;;;;;;;
1/1/2015;2015;Patagones;Total de hechos de hurtos;103;;;;;;;;;
1/1/2015;2015;Patagones;Total de hechos de robos;144;;;;;;;;;
1/1/2016;2016;Patagones;Total de hechos de hurtos;123;;;;;;;;;
1/1/2016;2016;Patagones;Total de hechos de robos;120;;;;;;;;;
1/1/2017;2017;Patagones;Total de hechos de hurtos;104;;;;;;;;;
1/1/2017;2017;Patagones;Total de hechos de robos;103;;;;;;;;;
1/1/2018;2018;Patagones;Total de hechos de hurtos;124;;;;;;;;;
1/1/2018;2018;Patagones;Total de hechos de robos;98;;;;;;;;;
1/1/2019;2019;Patagones;Total de hechos de hurtos;164;;;;;;;;;
1/1/2019;2019;Patagones;Total de hechos de robos;93;;;;;;;;;
1/1/2020;2020;Patagones;Total de hechos de hurtos;154;;;;;;;;;
1/1/2020;2020;Patagones;Total de hechos de robos;84;;;;;;;;;
1/1/2021;2021;Patagones;Total de hechos de hurtos;187;;;;;;;;;
1/1/2021;2021;Patagones;Total de hechos de robos;128;;;;;;;;;
1/1/2014;2014;Pehuajó;Total de hechos de hurtos;139;;;;;;;;;
1/1/2014;2014;Pehuajó;Total de hechos de robos;79;;;;;;;;;
1/1/2015;2015;Pehuajó;Total de hechos de hurtos;162;;;;;;;;;
1/1/2015;2015;Pehuajó;Total de hechos de robos;61;;;;;;;;;
1/1/2016;2016;Pehuajó;Total de hechos de hurtos;166;;;;;;;;;
1/1/2016;2016;Pehuajó;Total de hechos de robos;64;;;;;;;;;
1/1/2017;2017;Pehuajó;Total de hechos de hurtos;163;;;;;;;;;
1/1/2017;2017;Pehuajó;Total de hechos de robos;77;;;;;;;;;
1/1/2018;2018;Pehuajó;Total de hechos de hurtos;248;;;;;;;;;
1/1/2018;2018;Pehuajó;Total de hechos de robos;80;;;;;;;;;
1/1/2019;2019;Pehuajó;Total de hechos de hurtos;233;;;;;;;;;
1/1/2019;2019;Pehuajó;Total de hechos de robos;100;;;;;;;;;
1/1/2020;2020;Pehuajó;Total de hechos de hurtos;244;;;;;;;;;
1/1/2020;2020;Pehuajó;Total de hechos de robos;74;;;;;;;;;
1/1/2021;2021;Pehuajó;Total de hechos de hurtos;267;;;;;;;;;
1/1/2021;2021;Pehuajó;Total de hechos de robos;85;;;;;;;;;
1/1/2014;2014;Pellegrini;Total de hechos de hurtos;12;;;;;;;;;
1/1/2014;2014;Pellegrini;Total de hechos de robos;4;;;;;;;;;
1/1/2015;2015;Pellegrini;Total de hechos de hurtos;13;;;;;;;;;
1/1/2015;2015;Pellegrini;Total de hechos de robos;4;;;;;;;;;
1/1/2016;2016;Pellegrini;Total de hechos de hurtos;24;;;;;;;;;
1/1/2016;2016;Pellegrini;Total de hechos de robos;7;;;;;;;;;
1/1/2017;2017;Pellegrini;Total de hechos de hurtos;18;;;;;;;;;
1/1/2017;2017;Pellegrini;Total de hechos de robos;10;;;;;;;;;
1/1/2018;2018;Pellegrini;Total de hechos de hurtos;17;;;;;;;;;
1/1/2018;2018;Pellegrini;Total de hechos de robos;5;;;;;;;;;
1/1/2019;2019;Pellegrini;Total de hechos de hurtos;33;;;;;;;;;
1/1/2019;2019;Pellegrini;Total de hechos de robos;5;;;;;;;;;
1/1/2020;2020;Pellegrini;Total de hechos de hurtos;12;;;;;;;;;
1/1/2020;2020;Pellegrini;Total de hechos de robos;3;;;;;;;;;
1/1/2021;2021;Pellegrini;Total de hechos de hurtos;25;;;;;;;;;
1/1/2021;2021;Pellegrini;Total de hechos de robos;-;;;;;;;;;
1/1/2014;2014;Pergamino;Total de hechos de hurtos;952;;;;;;;;;
1/1/2014;2014;Pergamino;Total de hechos de robos;1557;;;;;;;;;
1/1/2015;2015;Pergamino;Total de hechos de hurtos;859;;;;;;;;;
1/1/2015;2015;Pergamino;Total de hechos de robos;1548;;;;;;;;;
1/1/2016;2016;Pergamino;Total de hechos de hurtos;1132;;;;;;;;;
1/1/2016;2016;Pergamino;Total de hechos de robos;1850;;;;;;;;;
1/1/2017;2017;Pergamino;Total de hechos de hurtos;900;;;;;;;;;
1/1/2017;2017;Pergamino;Total de hechos de robos;1452;;;;;;;;;
1/1/2018;2018;Pergamino;Total de hechos de hurtos;920;;;;;;;;;
1/1/2018;2018;Pergamino;Total de hechos de robos;1213;;;;;;;;;
1/1/2019;2019;Pergamino;Total de hechos de hurtos;716;;;;;;;;;
1/1/2019;2019;Pergamino;Total de hechos de robos;1020;;;;;;;;;
1/1/2020;2020;Pergamino;Total de hechos de hurtos;501;;;;;;;;;
1/1/2020;2020;Pergamino;Total de hechos de robos;729;;;;;;;;;
1/1/2021;2021;Pergamino;Total de hechos de hurtos;352;;;;;;;;;
1/1/2021;2021;Pergamino;Total de hechos de robos;695;;;;;;;;;
1/1/2014;2014;Pila;Total de hechos de hurtos;9;;;;;;;;;
1/1/2014;2014;Pila;Total de hechos de robos;8;;;;;;;;;
1/1/2015;2015;Pila;Total de hechos de hurtos;23;;;;;;;;;
1/1/2015;2015;Pila;Total de hechos de robos;2;;;;;;;;;
1/1/2016;2016;Pila;Total de hechos de hurtos;14;;;;;;;;;
1/1/2016;2016;Pila;Total de hechos de robos;3;;;;;;;;;
1/1/2017;2017;Pila;Total de hechos de hurtos;8;;;;;;;;;
1/1/2017;2017;Pila;Total de hechos de robos;3;;;;;;;;;
1/1/2018;2018;Pila;Total de hechos de hurtos;9;;;;;;;;;
1/1/2018;2018;Pila;Total de hechos de robos;3;;;;;;;;;
1/1/2019;2019;Pila;Total de hechos de hurtos;6;;;;;;;;;
1/1/2019;2019;Pila;Total de hechos de robos;4;;;;;;;;;
1/1/2020;2020;Pila;Total de hechos de hurtos;7;;;;;;;;;
1/1/2020;2020;Pila;Total de hechos de robos;4;;;;;;;;;
1/1/2021;2021;Pila;Total de hechos de hurtos;7;;;;;;;;;
1/1/2021;2021;Pila;Total de hechos de robos;5;;;;;;;;;
1/1/2014;2014;Pilar;Total de hechos de hurtos;954;;;;;;;;;
1/1/2014;2014;Pilar;Total de hechos de robos;1594;;;;;;;;;
1/1/2015;2015;Pilar;Total de hechos de hurtos;978;;;;;;;;;
1/1/2015;2015;Pilar;Total de hechos de robos;1702;;;;;;;;;
1/1/2016;2016;Pilar;Total de hechos de hurtos;1375;;;;;;;;;
1/1/2016;2016;Pilar;Total de hechos de robos;2403;;;;;;;;;
1/1/2017;2017;Pilar;Total de hechos de hurtos;1321;;;;;;;;;
1/1/2017;2017;Pilar;Total de hechos de robos;2159;;;;;;;;;
1/1/2018;2018;Pilar;Total de hechos de hurtos;1617;;;;;;;;;
1/1/2018;2018;Pilar;Total de hechos de robos;2125;;;;;;;;;
1/1/2019;2019;Pilar;Total de hechos de hurtos;3520;;;;;;;;;
1/1/2019;2019;Pilar;Total de hechos de robos;3948;;;;;;;;;
1/1/2020;2020;Pilar;Total de hechos de hurtos;2462;;;;;;;;;
1/1/2020;2020;Pilar;Total de hechos de robos;3025;;;;;;;;;
1/1/2021;2021;Pilar;Total de hechos de hurtos;2336;;;;;;;;;
1/1/2021;2021;Pilar;Total de hechos de robos;2646;;;;;;;;;
1/1/2014;2014;Pinamar ;Total de hechos de hurtos;282;;;;;;;;;
1/1/2014;2014;Pinamar ;Total de hechos de robos;317;;;;;;;;;
1/1/2015;2015;Pinamar ;Total de hechos de hurtos;221;;;;;;;;;
1/1/2015;2015;Pinamar ;Total de hechos de robos;234;;;;;;;;;
1/1/2016;2016;Pinamar ;Total de hechos de hurtos;233;;;;;;;;;
1/1/2016;2016;Pinamar ;Total de hechos de robos;335;;;;;;;;;
1/1/2017;2017;Pinamar ;Total de hechos de hurtos;176;;;;;;;;;
1/1/2017;2017;Pinamar ;Total de hechos de robos;228;;;;;;;;;
1/1/2018;2018;Pinamar ;Total de hechos de hurtos;217;;;;;;;;;
1/1/2018;2018;Pinamar ;Total de hechos de robos;268;;;;;;;;;
1/1/2019;2019;Pinamar ;Total de hechos de hurtos;417;;;;;;;;;
1/1/2019;2019;Pinamar ;Total de hechos de robos;469;;;;;;;;;
1/1/2020;2020;Pinamar ;Total de hechos de hurtos;490;;;;;;;;;
1/1/2020;2020;Pinamar ;Total de hechos de robos;322;;;;;;;;;
1/1/2021;2021;Pinamar ;Total de hechos de hurtos;526;;;;;;;;;
1/1/2021;2021;Pinamar ;Total de hechos de robos;354;;;;;;;;;
1/1/2014;2014;Presidente Perón;Total de hechos de hurtos;159;;;;;;;;;
1/1/2014;2014;Presidente Perón;Total de hechos de robos;319;;;;;;;;;
1/1/2015;2015;Presidente Perón;Total de hechos de hurtos;149;;;;;;;;;
1/1/2015;2015;Presidente Perón;Total de hechos de robos;333;;;;;;;;;
1/1/2016;2016;Presidente Perón;Total de hechos de hurtos;151;;;;;;;;;
1/1/2016;2016;Presidente Perón;Total de hechos de robos;271;;;;;;;;;
1/1/2017;2017;Presidente Perón;Total de hechos de hurtos;131;;;;;;;;;
1/1/2017;2017;Presidente Perón;Total de hechos de robos;207;;;;;;;;;
1/1/2018;2018;Presidente Perón;Total de hechos de hurtos;141;;;;;;;;;
1/1/2018;2018;Presidente Perón;Total de hechos de robos;169;;;;;;;;;
1/1/2019;2019;Presidente Perón;Total de hechos de hurtos;237;;;;;;;;;
1/1/2019;2019;Presidente Perón;Total de hechos de robos;423;;;;;;;;;
1/1/2020;2020;Presidente Perón;Total de hechos de hurtos;248;;;;;;;;;
1/1/2020;2020;Presidente Perón;Total de hechos de robos;489;;;;;;;;;
1/1/2021;2021;Presidente Perón;Total de hechos de hurtos;171;;;;;;;;;
1/1/2021;2021;Presidente Perón;Total de hechos de robos;604;;;;;;;;;
1/1/2014;2014;Puán;Total de hechos de hurtos;60;;;;;;;;;
1/1/2014;2014;Puán;Total de hechos de robos;24;;;;;;;;;
1/1/2015;2015;Puán;Total de hechos de hurtos;58;;;;;;;;;
1/1/2015;2015;Puán;Total de hechos de robos;12;;;;;;;;;
1/1/2016;2016;Puán;Total de hechos de hurtos;29;;;;;;;;;
1/1/2016;2016;Puán;Total de hechos de robos;5;;;;;;;;;
1/1/2017;2017;Puán;Total de hechos de hurtos;38;;;;;;;;;
1/1/2017;2017;Puán;Total de hechos de robos;16;;;;;;;;;
1/1/2018;2018;Puán;Total de hechos de hurtos;51;;;;;;;;;
1/1/2018;2018;Puán;Total de hechos de robos;15;;;;;;;;;
1/1/2019;2019;Puán;Total de hechos de hurtos;56;;;;;;;;;
1/1/2019;2019;Puán;Total de hechos de robos;15;;;;;;;;;
1/1/2020;2020;Puán;Total de hechos de hurtos;27;;;;;;;;;
1/1/2020;2020;Puán;Total de hechos de robos;8;;;;;;;;;
1/1/2021;2021;Puán;Total de hechos de hurtos;61;;;;;;;;;
1/1/2021;2021;Puán;Total de hechos de robos;11;;;;;;;;;
1/1/2014;2014;Punta Indio;Total de hechos de hurtos;26;;;;;;;;;
1/1/2014;2014;Punta Indio;Total de hechos de robos;39;;;;;;;;;
1/1/2015;2015;Punta Indio;Total de hechos de hurtos;18;;;;;;;;;
1/1/2015;2015;Punta Indio;Total de hechos de robos;18;;;;;;;;;
1/1/2016;2016;Punta Indio;Total de hechos de hurtos;34;;;;;;;;;
1/1/2016;2016;Punta Indio;Total de hechos de robos;20;;;;;;;;;
1/1/2017;2017;Punta Indio;Total de hechos de hurtos;37;;;;;;;;;
1/1/2017;2017;Punta Indio;Total de hechos de robos;9;;;;;;;;;
1/1/2018;2018;Punta Indio;Total de hechos de hurtos;35;;;;;;;;;
1/1/2018;2018;Punta Indio;Total de hechos de robos;15;;;;;;;;;
1/1/2019;2019;Punta Indio;Total de hechos de hurtos;27;;;;;;;;;
1/1/2019;2019;Punta Indio;Total de hechos de robos;21;;;;;;;;;
1/1/2020;2020;Punta Indio;Total de hechos de hurtos;27;;;;;;;;;
1/1/2020;2020;Punta Indio;Total de hechos de robos;27;;;;;;;;;
1/1/2021;2021;Punta Indio;Total de hechos de hurtos;57;;;;;;;;;
1/1/2021;2021;Punta Indio;Total de hechos de robos;32;;;;;;;;;
1/1/2014;2014;Quilmes;Total de hechos de hurtos;2153;;;;;;;;;
1/1/2014;2014;Quilmes;Total de hechos de robos;4843;;;;;;;;;
1/1/2015;2015;Quilmes;Total de hechos de hurtos;1819;;;;;;;;;
1/1/2015;2015;Quilmes;Total de hechos de robos;4413;;;;;;;;;
1/1/2016;2016;Quilmes;Total de hechos de hurtos;1817;;;;;;;;;
1/1/2016;2016;Quilmes;Total de hechos de robos;3726;;;;;;;;;
1/1/2017;2017;Quilmes;Total de hechos de hurtos;1877;;;;;;;;;
1/1/2017;2017;Quilmes;Total de hechos de robos;3795;;;;;;;;;
1/1/2018;2018;Quilmes;Total de hechos de hurtos;2021;;;;;;;;;
1/1/2018;2018;Quilmes;Total de hechos de robos;4266;;;;;;;;;
1/1/2019;2019;Quilmes;Total de hechos de hurtos;2636;;;;;;;;;
1/1/2019;2019;Quilmes;Total de hechos de robos;5204;;;;;;;;;
1/1/2020;2020;Quilmes;Total de hechos de hurtos;2160;;;;;;;;;
1/1/2020;2020;Quilmes;Total de hechos de robos;5245;;;;;;;;;
1/1/2021;2021;Quilmes;Total de hechos de hurtos;2476;;;;;;;;;
1/1/2021;2021;Quilmes;Total de hechos de robos;5479;;;;;;;;;
1/1/2014;2014;Ramallo;Total de hechos de hurtos;111;;;;;;;;;
1/1/2014;2014;Ramallo;Total de hechos de robos;128;;;;;;;;;
1/1/2015;2015;Ramallo;Total de hechos de hurtos;122;;;;;;;;;
1/1/2015;2015;Ramallo;Total de hechos de robos;135;;;;;;;;;
1/1/2016;2016;Ramallo;Total de hechos de hurtos;116;;;;;;;;;
1/1/2016;2016;Ramallo;Total de hechos de robos;78;;;;;;;;;
1/1/2017;2017;Ramallo;Total de hechos de hurtos;100;;;;;;;;;
1/1/2017;2017;Ramallo;Total de hechos de robos;71;;;;;;;;;
1/1/2018;2018;Ramallo;Total de hechos de hurtos;93;;;;;;;;;
1/1/2018;2018;Ramallo;Total de hechos de robos;60;;;;;;;;;
1/1/2019;2019;Ramallo;Total de hechos de hurtos;145;;;;;;;;;
1/1/2019;2019;Ramallo;Total de hechos de robos;84;;;;;;;;;
1/1/2020;2020;Ramallo;Total de hechos de hurtos;129;;;;;;;;;
1/1/2020;2020;Ramallo;Total de hechos de robos;79;;;;;;;;;
1/1/2021;2021;Ramallo;Total de hechos de hurtos;138;;;;;;;;;
1/1/2021;2021;Ramallo;Total de hechos de robos;70;;;;;;;;;
1/1/2014;2014;Rauch;Total de hechos de hurtos;40;;;;;;;;;
1/1/2014;2014;Rauch;Total de hechos de robos;30;;;;;;;;;
1/1/2015;2015;Rauch;Total de hechos de hurtos;15;;;;;;;;;
1/1/2015;2015;Rauch;Total de hechos de robos;12;;;;;;;;;
1/1/2016;2016;Rauch;Total de hechos de hurtos;10;;;;;;;;;
1/1/2016;2016;Rauch;Total de hechos de robos;8;;;;;;;;;
1/1/2017;2017;Rauch;Total de hechos de hurtos;21;;;;;;;;;
1/1/2017;2017;Rauch;Total de hechos de robos;8;;;;;;;;;
1/1/2018;2018;Rauch;Total de hechos de hurtos;25;;;;;;;;;
1/1/2018;2018;Rauch;Total de hechos de robos;8;;;;;;;;;
1/1/2019;2019;Rauch;Total de hechos de hurtos;85;;;;;;;;;
1/1/2019;2019;Rauch;Total de hechos de robos;22;;;;;;;;;
1/1/2020;2020;Rauch;Total de hechos de hurtos;80;;;;;;;;;
1/1/2020;2020;Rauch;Total de hechos de robos;20;;;;;;;;;
1/1/2021;2021;Rauch;Total de hechos de hurtos;24;;;;;;;;;
1/1/2021;2021;Rauch;Total de hechos de robos;7;;;;;;;;;
1/1/2014;2014;Rivadavia;Total de hechos de hurtos;91;;;;;;;;;
1/1/2014;2014;Rivadavia;Total de hechos de robos;21;;;;;;;;;
1/1/2015;2015;Rivadavia;Total de hechos de hurtos;70;;;;;;;;;
1/1/2015;2015;Rivadavia;Total de hechos de robos;22;;;;;;;;;
1/1/2016;2016;Rivadavia;Total de hechos de hurtos;49;;;;;;;;;
1/1/2016;2016;Rivadavia;Total de hechos de robos;15;;;;;;;;;
1/1/2017;2017;Rivadavia;Total de hechos de hurtos;50;;;;;;;;;
1/1/2017;2017;Rivadavia;Total de hechos de robos;15;;;;;;;;;
1/1/2018;2018;Rivadavia;Total de hechos de hurtos;102;;;;;;;;;
1/1/2018;2018;Rivadavia;Total de hechos de robos;28;;;;;;;;;
1/1/2019;2019;Rivadavia;Total de hechos de hurtos;143;;;;;;;;;
1/1/2019;2019;Rivadavia;Total de hechos de robos;26;;;;;;;;;
1/1/2020;2020;Rivadavia;Total de hechos de hurtos;86;;;;;;;;;
1/1/2020;2020;Rivadavia;Total de hechos de robos;16;;;;;;;;;
1/1/2021;2021;Rivadavia;Total de hechos de hurtos;75;;;;;;;;;
1/1/2021;2021;Rivadavia;Total de hechos de robos;13;;;;;;;;;
1/1/2014;2014;Rojas;Total de hechos de hurtos;168;;;;;;;;;
1/1/2014;2014;Rojas;Total de hechos de robos;87;;;;;;;;;
1/1/2015;2015;Rojas;Total de hechos de hurtos;169;;;;;;;;;
1/1/2015;2015;Rojas;Total de hechos de robos;80;;;;;;;;;
1/1/2016;2016;Rojas;Total de hechos de hurtos;120;;;;;;;;;
1/1/2016;2016;Rojas;Total de hechos de robos;88;;;;;;;;;
1/1/2017;2017;Rojas;Total de hechos de hurtos;104;;;;;;;;;
1/1/2017;2017;Rojas;Total de hechos de robos;53;;;;;;;;;
1/1/2018;2018;Rojas;Total de hechos de hurtos;78;;;;;;;;;
1/1/2018;2018;Rojas;Total de hechos de robos;39;;;;;;;;;
1/1/2019;2019;Rojas;Total de hechos de hurtos;129;;;;;;;;;
1/1/2019;2019;Rojas;Total de hechos de robos;45;;;;;;;;;
1/1/2020;2020;Rojas;Total de hechos de hurtos;46;;;;;;;;;
1/1/2020;2020;Rojas;Total de hechos de robos;28;;;;;;;;;
1/1/2021;2021;Rojas;Total de hechos de hurtos;106;;;;;;;;;
1/1/2021;2021;Rojas;Total de hechos de robos;33;;;;;;;;;
1/1/2014;2014;Roque Pérez;Total de hechos de hurtos;23;;;;;;;;;
1/1/2014;2014;Roque Pérez;Total de hechos de robos;19;;;;;;;;;
1/1/2015;2015;Roque Pérez;Total de hechos de hurtos;35;;;;;;;;;
1/1/2015;2015;Roque Pérez;Total de hechos de robos;12;;;;;;;;;
1/1/2016;2016;Roque Pérez;Total de hechos de hurtos;35;;;;;;;;;
1/1/2016;2016;Roque Pérez;Total de hechos de robos;14;;;;;;;;;
1/1/2017;2017;Roque Pérez;Total de hechos de hurtos;30;;;;;;;;;
1/1/2017;2017;Roque Pérez;Total de hechos de robos;12;;;;;;;;;
1/1/2018;2018;Roque Pérez;Total de hechos de hurtos;24;;;;;;;;;
1/1/2018;2018;Roque Pérez;Total de hechos de robos;24;;;;;;;;;
1/1/2019;2019;Roque Pérez;Total de hechos de hurtos;45;;;;;;;;;
1/1/2019;2019;Roque Pérez;Total de hechos de robos;23;;;;;;;;;
1/1/2020;2020;Roque Pérez;Total de hechos de hurtos;46;;;;;;;;;
1/1/2020;2020;Roque Pérez;Total de hechos de robos;11;;;;;;;;;
1/1/2021;2021;Roque Pérez;Total de hechos de hurtos;23;;;;;;;;;
1/1/2021;2021;Roque Pérez;Total de hechos de robos;14;;;;;;;;;
1/1/2014;2014;Saavedra;Total de hechos de hurtos;25;;;;;;;;;
1/1/2014;2014;Saavedra;Total de hechos de robos;15;;;;;;;;;
1/1/2015;2015;Saavedra;Total de hechos de hurtos;37;;;;;;;;;
1/1/2015;2015;Saavedra;Total de hechos de robos;9;;;;;;;;;
1/1/2016;2016;Saavedra;Total de hechos de hurtos;32;;;;;;;;;
1/1/2016;2016;Saavedra;Total de hechos de robos;19;;;;;;;;;
1/1/2017;2017;Saavedra;Total de hechos de hurtos;43;;;;;;;;;
1/1/2017;2017;Saavedra;Total de hechos de robos;20;;;;;;;;;
1/1/2018;2018;Saavedra;Total de hechos de hurtos;41;;;;;;;;;
1/1/2018;2018;Saavedra;Total de hechos de robos;17;;;;;;;;;
1/1/2019;2019;Saavedra;Total de hechos de hurtos;49;;;;;;;;;
1/1/2019;2019;Saavedra;Total de hechos de robos;14;;;;;;;;;
1/1/2020;2020;Saavedra;Total de hechos de hurtos;39;;;;;;;;;
1/1/2020;2020;Saavedra;Total de hechos de robos;19;;;;;;;;;
1/1/2021;2021;Saavedra;Total de hechos de hurtos;72;;;;;;;;;
1/1/2021;2021;Saavedra;Total de hechos de robos;24;;;;;;;;;
1/1/2014;2014;Saladillo;Total de hechos de hurtos;27;;;;;;;;;
1/1/2014;2014;Saladillo;Total de hechos de robos;32;;;;;;;;;
1/1/2015;2015;Saladillo;Total de hechos de hurtos;32;;;;;;;;;
1/1/2015;2015;Saladillo;Total de hechos de robos;19;;;;;;;;;
1/1/2016;2016;Saladillo;Total de hechos de hurtos;35;;;;;;;;;
1/1/2016;2016;Saladillo;Total de hechos de robos;19;;;;;;;;;
1/1/2017;2017;Saladillo;Total de hechos de hurtos;32;;;;;;;;;
1/1/2017;2017;Saladillo;Total de hechos de robos;12;;;;;;;;;
1/1/2018;2018;Saladillo;Total de hechos de hurtos;76;;;;;;;;;
1/1/2018;2018;Saladillo;Total de hechos de robos;37;;;;;;;;;
1/1/2019;2019;Saladillo;Total de hechos de hurtos;121;;;;;;;;;
1/1/2019;2019;Saladillo;Total de hechos de robos;88;;;;;;;;;
1/1/2020;2020;Saladillo;Total de hechos de hurtos;71;;;;;;;;;
1/1/2020;2020;Saladillo;Total de hechos de robos;42;;;;;;;;;
1/1/2021;2021;Saladillo;Total de hechos de hurtos;78;;;;;;;;;
1/1/2021;2021;Saladillo;Total de hechos de robos;47;;;;;;;;;
1/1/2014;2014;Salliqueló;Total de hechos de hurtos;9;;;;;;;;;
1/1/2014;2014;Salliqueló;Total de hechos de robos;2;;;;;;;;;
1/1/2015;2015;Salliqueló;Total de hechos de hurtos;17;;;;;;;;;
1/1/2015;2015;Salliqueló;Total de hechos de robos;1;;;;;;;;;
1/1/2016;2016;Salliqueló;Total de hechos de hurtos;5;;;;;;;;;
1/1/2016;2016;Salliqueló;Total de hechos de robos;-;;;;;;;;;
1/1/2017;2017;Salliqueló;Total de hechos de hurtos;1;;;;;;;;;
1/1/2017;2017;Salliqueló;Total de hechos de robos;1;;;;;;;;;
1/1/2018;2018;Salliqueló;Total de hechos de hurtos;6;;;;;;;;;
1/1/2018;2018;Salliqueló;Total de hechos de robos;-;;;;;;;;;
1/1/2019;2019;Salliqueló;Total de hechos de hurtos;22;;;;;;;;;
1/1/2019;2019;Salliqueló;Total de hechos de robos;9;;;;;;;;;
1/1/2020;2020;Salliqueló;Total de hechos de hurtos;15;;;;;;;;;
1/1/2020;2020;Salliqueló;Total de hechos de robos;2;;;;;;;;;
1/1/2021;2021;Salliqueló;Total de hechos de hurtos;15;;;;;;;;;
1/1/2021;2021;Salliqueló;Total de hechos de robos;5;;;;;;;;;
1/1/2014;2014;Salto;Total de hechos de hurtos;205;;;;;;;;;
1/1/2014;2014;Salto;Total de hechos de robos;116;;;;;;;;;
1/1/2015;2015;Salto;Total de hechos de hurtos;138;;;;;;;;;
1/1/2015;2015;Salto;Total de hechos de robos;105;;;;;;;;;
1/1/2016;2016;Salto;Total de hechos de hurtos;99;;;;;;;;;
1/1/2016;2016;Salto;Total de hechos de robos;105;;;;;;;;;
1/1/2017;2017;Salto;Total de hechos de hurtos;80;;;;;;;;;
1/1/2017;2017;Salto;Total de hechos de robos;54;;;;;;;;;
1/1/2018;2018;Salto;Total de hechos de hurtos;112;;;;;;;;;
1/1/2018;2018;Salto;Total de hechos de robos;110;;;;;;;;;
1/1/2019;2019;Salto;Total de hechos de hurtos;97;;;;;;;;;
1/1/2019;2019;Salto;Total de hechos de robos;62;;;;;;;;;
1/1/2020;2020;Salto;Total de hechos de hurtos;44;;;;;;;;;
1/1/2020;2020;Salto;Total de hechos de robos;30;;;;;;;;;
1/1/2021;2021;Salto;Total de hechos de hurtos;25;;;;;;;;;
1/1/2021;2021;Salto;Total de hechos de robos;21;;;;;;;;;
1/1/2014;2014;San Andrés de Giles;Total de hechos de hurtos;24;;;;;;;;;
1/1/2014;2014;San Andrés de Giles;Total de hechos de robos;34;;;;;;;;;
1/1/2015;2015;San Andrés de Giles;Total de hechos de hurtos;28;;;;;;;;;
1/1/2015;2015;San Andrés de Giles;Total de hechos de robos;24;;;;;;;;;
1/1/2016;2016;San Andrés de Giles;Total de hechos de hurtos;31;;;;;;;;;
1/1/2016;2016;San Andrés de Giles;Total de hechos de robos;28;;;;;;;;;
1/1/2017;2017;San Andrés de Giles;Total de hechos de hurtos;8;;;;;;;;;
1/1/2017;2017;San Andrés de Giles;Total de hechos de robos;11;;;;;;;;;
1/1/2018;2018;San Andrés de Giles;Total de hechos de hurtos;8;;;;;;;;;
1/1/2018;2018;San Andrés de Giles;Total de hechos de robos;10;;;;;;;;;
1/1/2019;2019;San Andrés de Giles;Total de hechos de hurtos;26;;;;;;;;;
1/1/2019;2019;San Andrés de Giles;Total de hechos de robos;17;;;;;;;;;
1/1/2020;2020;San Andrés de Giles;Total de hechos de hurtos;6;;;;;;;;;
1/1/2020;2020;San Andrés de Giles;Total de hechos de robos;9;;;;;;;;;
1/1/2021;2021;San Andrés de Giles;Total de hechos de hurtos;12;;;;;;;;;
1/1/2021;2021;San Andrés de Giles;Total de hechos de robos;16;;;;;;;;;
1/1/2014;2014;San Antonio de Areco;Total de hechos de hurtos;72;;;;;;;;;
1/1/2014;2014;San Antonio de Areco;Total de hechos de robos;80;;;;;;;;;
1/1/2015;2015;San Antonio de Areco;Total de hechos de hurtos;47;;;;;;;;;
1/1/2015;2015;San Antonio de Areco;Total de hechos de robos;52;;;;;;;;;
1/1/2016;2016;San Antonio de Areco;Total de hechos de hurtos;65;;;;;;;;;
1/1/2016;2016;San Antonio de Areco;Total de hechos de robos;66;;;;;;;;;
1/1/2017;2017;San Antonio de Areco;Total de hechos de hurtos;33;;;;;;;;;
1/1/2017;2017;San Antonio de Areco;Total de hechos de robos;14;;;;;;;;;
1/1/2018;2018;San Antonio de Areco;Total de hechos de hurtos;33;;;;;;;;;
1/1/2018;2018;San Antonio de Areco;Total de hechos de robos;19;;;;;;;;;
1/1/2019;2019;San Antonio de Areco;Total de hechos de hurtos;146;;;;;;;;;
1/1/2019;2019;San Antonio de Areco;Total de hechos de robos;47;;;;;;;;;
1/1/2020;2020;San Antonio de Areco;Total de hechos de hurtos;47;;;;;;;;;
1/1/2020;2020;San Antonio de Areco;Total de hechos de robos;27;;;;;;;;;
1/1/2021;2021;San Antonio de Areco;Total de hechos de hurtos;48;;;;;;;;;
1/1/2021;2021;San Antonio de Areco;Total de hechos de robos;23;;;;;;;;;
1/1/2014;2014;San Cayetano;Total de hechos de hurtos;40;;;;;;;;;
1/1/2014;2014;San Cayetano;Total de hechos de robos;23;;;;;;;;;
1/1/2015;2015;San Cayetano;Total de hechos de hurtos;25;;;;;;;;;
1/1/2015;2015;San Cayetano;Total de hechos de robos;35;;;;;;;;;
1/1/2016;2016;San Cayetano;Total de hechos de hurtos;19;;;;;;;;;
1/1/2016;2016;San Cayetano;Total de hechos de robos;13;;;;;;;;;
1/1/2017;2017;San Cayetano;Total de hechos de hurtos;33;;;;;;;;;
1/1/2017;2017;San Cayetano;Total de hechos de robos;14;;;;;;;;;
1/1/2018;2018;San Cayetano;Total de hechos de hurtos;32;;;;;;;;;
1/1/2018;2018;San Cayetano;Total de hechos de robos;3;;;;;;;;;
1/1/2019;2019;San Cayetano;Total de hechos de hurtos;22;;;;;;;;;
1/1/2019;2019;San Cayetano;Total de hechos de robos;5;;;;;;;;;
1/1/2020;2020;San Cayetano;Total de hechos de hurtos;16;;;;;;;;;
1/1/2020;2020;San Cayetano;Total de hechos de robos;5;;;;;;;;;
1/1/2021;2021;San Cayetano;Total de hechos de hurtos;20;;;;;;;;;
1/1/2021;2021;San Cayetano;Total de hechos de robos;6;;;;;;;;;
1/1/2014;2014;San Fernando;Total de hechos de hurtos;652;;;;;;;;;
1/1/2014;2014;San Fernando;Total de hechos de robos;691;;;;;;;;;
1/1/2015;2015;San Fernando;Total de hechos de hurtos;523;;;;;;;;;
1/1/2015;2015;San Fernando;Total de hechos de robos;576;;;;;;;;;
1/1/2016;2016;San Fernando;Total de hechos de hurtos;516;;;;;;;;;
1/1/2016;2016;San Fernando;Total de hechos de robos;428;;;;;;;;;
1/1/2017;2017;San Fernando;Total de hechos de hurtos;613;;;;;;;;;
1/1/2017;2017;San Fernando;Total de hechos de robos;535;;;;;;;;;
1/1/2018;2018;San Fernando;Total de hechos de hurtos;589;;;;;;;;;
1/1/2018;2018;San Fernando;Total de hechos de robos;797;;;;;;;;;
1/1/2019;2019;San Fernando;Total de hechos de hurtos;962;;;;;;;;;
1/1/2019;2019;San Fernando;Total de hechos de robos;1053;;;;;;;;;
1/1/2020;2020;San Fernando;Total de hechos de hurtos;444;;;;;;;;;
1/1/2020;2020;San Fernando;Total de hechos de robos;507;;;;;;;;;
1/1/2021;2021;San Fernando;Total de hechos de hurtos;604;;;;;;;;;
1/1/2021;2021;San Fernando;Total de hechos de robos;592;;;;;;;;;
1/1/2014;2014;San Isidro;Total de hechos de hurtos;1115;;;;;;;;;
1/1/2014;2014;San Isidro;Total de hechos de robos;1669;;;;;;;;;
1/1/2015;2015;San Isidro;Total de hechos de hurtos;1246;;;;;;;;;
1/1/2015;2015;San Isidro;Total de hechos de robos;1632;;;;;;;;;
1/1/2016;2016;San Isidro;Total de hechos de hurtos;1477;;;;;;;;;
1/1/2016;2016;San Isidro;Total de hechos de robos;1789;;;;;;;;;
1/1/2017;2017;San Isidro;Total de hechos de hurtos;1873;;;;;;;;;
1/1/2017;2017;San Isidro;Total de hechos de robos;2025;;;;;;;;;
1/1/2018;2018;San Isidro;Total de hechos de hurtos;1747;;;;;;;;;
1/1/2018;2018;San Isidro;Total de hechos de robos;1991;;;;;;;;;
1/1/2019;2019;San Isidro;Total de hechos de hurtos;2505;;;;;;;;;
1/1/2019;2019;San Isidro;Total de hechos de robos;2587;;;;;;;;;
1/1/2020;2020;San Isidro;Total de hechos de hurtos;1425;;;;;;;;;
1/1/2020;2020;San Isidro;Total de hechos de robos;1373;;;;;;;;;
1/1/2021;2021;San Isidro;Total de hechos de hurtos;1716;;;;;;;;;
1/1/2021;2021;San Isidro;Total de hechos de robos;1966;;;;;;;;;
1/1/2014;2014;San Miguel;Total de hechos de hurtos;1177;;;;;;;;;
1/1/2014;2014;San Miguel;Total de hechos de robos;1164;;;;;;;;;
1/1/2015;2015;San Miguel;Total de hechos de hurtos;955;;;;;;;;;
1/1/2015;2015;San Miguel;Total de hechos de robos;880;;;;;;;;;
1/1/2016;2016;San Miguel;Total de hechos de hurtos;966;;;;;;;;;
1/1/2016;2016;San Miguel;Total de hechos de robos;983;;;;;;;;;
1/1/2017;2017;San Miguel;Total de hechos de hurtos;1009;;;;;;;;;
1/1/2017;2017;San Miguel;Total de hechos de robos;1129;;;;;;;;;
1/1/2018;2018;San Miguel;Total de hechos de hurtos;896;;;;;;;;;
1/1/2018;2018;San Miguel;Total de hechos de robos;1271;;;;;;;;;
1/1/2019;2019;San Miguel;Total de hechos de hurtos;1588;;;;;;;;;
1/1/2019;2019;San Miguel;Total de hechos de robos;1874;;;;;;;;;
1/1/2020;2020;San Miguel;Total de hechos de hurtos;1036;;;;;;;;;
1/1/2020;2020;San Miguel;Total de hechos de robos;1263;;;;;;;;;
1/1/2021;2021;San Miguel;Total de hechos de hurtos;1249;;;;;;;;;
1/1/2021;2021;San Miguel;Total de hechos de robos;1336;;;;;;;;;
1/1/2014;2014;San Nicolás;Total de hechos de hurtos;351;;;;;;;;;
1/1/2014;2014;San Nicolás;Total de hechos de robos;443;;;;;;;;;
1/1/2015;2015;San Nicolás;Total de hechos de hurtos;479;;;;;;;;;
1/1/2015;2015;San Nicolás;Total de hechos de robos;492;;;;;;;;;
1/1/2016;2016;San Nicolás;Total de hechos de hurtos;318;;;;;;;;;
1/1/2016;2016;San Nicolás;Total de hechos de robos;263;;;;;;;;;
1/1/2017;2017;San Nicolás;Total de hechos de hurtos;250;;;;;;;;;
1/1/2017;2017;San Nicolás;Total de hechos de robos;173;;;;;;;;;
1/1/2018;2018;San Nicolás;Total de hechos de hurtos;425;;;;;;;;;
1/1/2018;2018;San Nicolás;Total de hechos de robos;261;;;;;;;;;
1/1/2019;2019;San Nicolás;Total de hechos de hurtos;994;;;;;;;;;
1/1/2019;2019;San Nicolás;Total de hechos de robos;724;;;;;;;;;
1/1/2020;2020;San Nicolás;Total de hechos de hurtos;685;;;;;;;;;
1/1/2020;2020;San Nicolás;Total de hechos de robos;546;;;;;;;;;
1/1/2021;2021;San Nicolás;Total de hechos de hurtos;517;;;;;;;;;
1/1/2021;2021;San Nicolás;Total de hechos de robos;388;;;;;;;;;
1/1/2014;2014;San Pedro;Total de hechos de hurtos;144;;;;;;;;;
1/1/2014;2014;San Pedro;Total de hechos de robos;140;;;;;;;;;
1/1/2015;2015;San Pedro;Total de hechos de hurtos;144;;;;;;;;;
1/1/2015;2015;San Pedro;Total de hechos de robos;133;;;;;;;;;
1/1/2016;2016;San Pedro;Total de hechos de hurtos;89;;;;;;;;;
1/1/2016;2016;San Pedro;Total de hechos de robos;96;;;;;;;;;
1/1/2017;2017;San Pedro;Total de hechos de hurtos;58;;;;;;;;;
1/1/2017;2017;San Pedro;Total de hechos de robos;121;;;;;;;;;
1/1/2018;2018;San Pedro;Total de hechos de hurtos;360;;;;;;;;;
1/1/2018;2018;San Pedro;Total de hechos de robos;268;;;;;;;;;
1/1/2019;2019;San Pedro;Total de hechos de hurtos;684;;;;;;;;;
1/1/2019;2019;San Pedro;Total de hechos de robos;535;;;;;;;;;
1/1/2020;2020;San Pedro;Total de hechos de hurtos;492;;;;;;;;;
1/1/2020;2020;San Pedro;Total de hechos de robos;316;;;;;;;;;
1/1/2021;2021;San Pedro;Total de hechos de hurtos;535;;;;;;;;;
1/1/2021;2021;San Pedro;Total de hechos de robos;280;;;;;;;;;
1/1/2014;2014;San Vicente;Total de hechos de hurtos;141;;;;;;;;;
1/1/2014;2014;San Vicente;Total de hechos de robos;343;;;;;;;;;
1/1/2015;2015;San Vicente;Total de hechos de hurtos;184;;;;;;;;;
1/1/2015;2015;San Vicente;Total de hechos de robos;318;;;;;;;;;
1/1/2016;2016;San Vicente;Total de hechos de hurtos;189;;;;;;;;;
1/1/2016;2016;San Vicente;Total de hechos de robos;402;;;;;;;;;
1/1/2017;2017;San Vicente;Total de hechos de hurtos;280;;;;;;;;;
1/1/2017;2017;San Vicente;Total de hechos de robos;454;;;;;;;;;
1/1/2018;2018;San Vicente;Total de hechos de hurtos;297;;;;;;;;;
1/1/2018;2018;San Vicente;Total de hechos de robos;450;;;;;;;;;
1/1/2019;2019;San Vicente;Total de hechos de hurtos;452;;;;;;;;;
1/1/2019;2019;San Vicente;Total de hechos de robos;675;;;;;;;;;
1/1/2020;2020;San Vicente;Total de hechos de hurtos;243;;;;;;;;;
1/1/2020;2020;San Vicente;Total de hechos de robos;534;;;;;;;;;
1/1/2021;2021;San Vicente;Total de hechos de hurtos;271;;;;;;;;;
1/1/2021;2021;San Vicente;Total de hechos de robos;546;;;;;;;;;
1/1/2014;2014;Suipacha;Total de hechos de hurtos;19;;;;;;;;;
1/1/2014;2014;Suipacha;Total de hechos de robos;4;;;;;;;;;
1/1/2015;2015;Suipacha;Total de hechos de hurtos;10;;;;;;;;;
1/1/2015;2015;Suipacha;Total de hechos de robos;9;;;;;;;;;
1/1/2016;2016;Suipacha;Total de hechos de hurtos;13;;;;;;;;;
1/1/2016;2016;Suipacha;Total de hechos de robos;8;;;;;;;;;
1/1/2017;2017;Suipacha;Total de hechos de hurtos;14;;;;;;;;;
1/1/2017;2017;Suipacha;Total de hechos de robos;6;;;;;;;;;
1/1/2018;2018;Suipacha;Total de hechos de hurtos;10;;;;;;;;;
1/1/2018;2018;Suipacha;Total de hechos de robos;4;;;;;;;;;
1/1/2019;2019;Suipacha;Total de hechos de hurtos;26;;;;;;;;;
1/1/2019;2019;Suipacha;Total de hechos de robos;22;;;;;;;;;
1/1/2020;2020;Suipacha;Total de hechos de hurtos;23;;;;;;;;;
1/1/2020;2020;Suipacha;Total de hechos de robos;7;;;;;;;;;
1/1/2021;2021;Suipacha;Total de hechos de hurtos;33;;;;;;;;;
1/1/2021;2021;Suipacha;Total de hechos de robos;8;;;;;;;;;
1/1/2014;2014;Tandil;Total de hechos de hurtos;441;;;;;;;;;
1/1/2014;2014;Tandil;Total de hechos de robos;334;;;;;;;;;
1/1/2015;2015;Tandil;Total de hechos de hurtos;449;;;;;;;;;
1/1/2015;2015;Tandil;Total de hechos de robos;312;;;;;;;;;
1/1/2016;2016;Tandil;Total de hechos de hurtos;421;;;;;;;;;
1/1/2016;2016;Tandil;Total de hechos de robos;352;;;;;;;;;
1/1/2017;2017;Tandil;Total de hechos de hurtos;346;;;;;;;;;
1/1/2017;2017;Tandil;Total de hechos de robos;343;;;;;;;;;
1/1/2018;2018;Tandil;Total de hechos de hurtos;337;;;;;;;;;
1/1/2018;2018;Tandil;Total de hechos de robos;257;;;;;;;;;
1/1/2019;2019;Tandil;Total de hechos de hurtos;773;;;;;;;;;
1/1/2019;2019;Tandil;Total de hechos de robos;448;;;;;;;;;
1/1/2020;2020;Tandil;Total de hechos de hurtos;746;;;;;;;;;
1/1/2020;2020;Tandil;Total de hechos de robos;294;;;;;;;;;
1/1/2021;2021;Tandil;Total de hechos de hurtos;752;;;;;;;;;
1/1/2021;2021;Tandil;Total de hechos de robos;286;;;;;;;;;
1/1/2014;2014;Tapalqué;Total de hechos de hurtos;46;;;;;;;;;
1/1/2014;2014;Tapalqué;Total de hechos de robos;13;;;;;;;;;
1/1/2015;2015;Tapalqué;Total de hechos de hurtos;25;;;;;;;;;
1/1/2015;2015;Tapalqué;Total de hechos de robos;7;;;;;;;;;
1/1/2016;2016;Tapalqué;Total de hechos de hurtos;31;;;;;;;;;
1/1/2016;2016;Tapalqué;Total de hechos de robos;13;;;;;;;;;
1/1/2017;2017;Tapalqué;Total de hechos de hurtos;41;;;;;;;;;
1/1/2017;2017;Tapalqué;Total de hechos de robos;8;;;;;;;;;
1/1/2018;2018;Tapalqué;Total de hechos de hurtos;23;;;;;;;;;
1/1/2018;2018;Tapalqué;Total de hechos de robos;16;;;;;;;;;
1/1/2019;2019;Tapalqué;Total de hechos de hurtos;45;;;;;;;;;
1/1/2019;2019;Tapalqué;Total de hechos de robos;14;;;;;;;;;
1/1/2020;2020;Tapalqué;Total de hechos de hurtos;16;;;;;;;;;
1/1/2020;2020;Tapalqué;Total de hechos de robos;7;;;;;;;;;
1/1/2021;2021;Tapalqué;Total de hechos de hurtos;32;;;;;;;;;
1/1/2021;2021;Tapalqué;Total de hechos de robos;2;;;;;;;;;
1/1/2014;2014;Tigre;Total de hechos de hurtos;943;;;;;;;;;
1/1/2014;2014;Tigre;Total de hechos de robos;1434;;;;;;;;;
1/1/2015;2015;Tigre;Total de hechos de hurtos;1070;;;;;;;;;
1/1/2015;2015;Tigre;Total de hechos de robos;1587;;;;;;;;;
1/1/2016;2016;Tigre;Total de hechos de hurtos;1266;;;;;;;;;
1/1/2016;2016;Tigre;Total de hechos de robos;1584;;;;;;;;;
1/1/2017;2017;Tigre;Total de hechos de hurtos;1475;;;;;;;;;
1/1/2017;2017;Tigre;Total de hechos de robos;1958;;;;;;;;;
1/1/2018;2018;Tigre;Total de hechos de hurtos;1911;;;;;;;;;
1/1/2018;2018;Tigre;Total de hechos de robos;2585;;;;;;;;;
1/1/2019;2019;Tigre;Total de hechos de hurtos;2476;;;;;;;;;
1/1/2019;2019;Tigre;Total de hechos de robos;2947;;;;;;;;;
1/1/2020;2020;Tigre;Total de hechos de hurtos;1504;;;;;;;;;
1/1/2020;2020;Tigre;Total de hechos de robos;1924;;;;;;;;;
1/1/2021;2021;Tigre;Total de hechos de hurtos;1445;;;;;;;;;
1/1/2021;2021;Tigre;Total de hechos de robos;1784;;;;;;;;;
1/1/2014;2014;Tordillo;Total de hechos de hurtos;10;;;;;;;;;
1/1/2014;2014;Tordillo;Total de hechos de robos;2;;;;;;;;;
1/1/2015;2015;Tordillo;Total de hechos de hurtos;1;;;;;;;;;
1/1/2015;2015;Tordillo;Total de hechos de robos;-;;;;;;;;;
1/1/2016;2016;Tordillo;Total de hechos de hurtos;2;;;;;;;;;
1/1/2016;2016;Tordillo;Total de hechos de robos;-;;;;;;;;;
1/1/2017;2017;Tordillo;Total de hechos de hurtos;2;;;;;;;;;
1/1/2017;2017;Tordillo;Total de hechos de robos;-;;;;;;;;;
1/1/2018;2018;Tordillo;Total de hechos de hurtos;3;;;;;;;;;
1/1/2018;2018;Tordillo;Total de hechos de robos;-;;;;;;;;;
1/1/2019;2019;Tordillo;Total de hechos de hurtos;3;;;;;;;;;
1/1/2019;2019;Tordillo;Total de hechos de robos;-;;;;;;;;;
1/1/2020;2020;Tordillo;Total de hechos de hurtos;1;;;;;;;;;
1/1/2020;2020;Tordillo;Total de hechos de robos;-;;;;;;;;;
1/1/2021;2021;Tordillo;Total de hechos de hurtos;6;;;;;;;;;
1/1/2021;2021;Tordillo;Total de hechos de robos;1;;;;;;;;;
1/1/2014;2014;Tornquist;Total de hechos de hurtos;45;;;;;;;;;
1/1/2014;2014;Tornquist;Total de hechos de robos;22;;;;;;;;;
1/1/2015;2015;Tornquist;Total de hechos de hurtos;53;;;;;;;;;
1/1/2015;2015;Tornquist;Total de hechos de robos;24;;;;;;;;;
1/1/2016;2016;Tornquist;Total de hechos de hurtos;46;;;;;;;;;
1/1/2016;2016;Tornquist;Total de hechos de robos;20;;;;;;;;;
1/1/2017;2017;Tornquist;Total de hechos de hurtos;58;;;;;;;;;
1/1/2017;2017;Tornquist;Total de hechos de robos;16;;;;;;;;;
1/1/2018;2018;Tornquist;Total de hechos de hurtos;41;;;;;;;;;
1/1/2018;2018;Tornquist;Total de hechos de robos;15;;;;;;;;;
1/1/2019;2019;Tornquist;Total de hechos de hurtos;62;;;;;;;;;
1/1/2019;2019;Tornquist;Total de hechos de robos;18;;;;;;;;;
1/1/2020;2020;Tornquist;Total de hechos de hurtos;24;;;;;;;;;
1/1/2020;2020;Tornquist;Total de hechos de robos;19;;;;;;;;;
1/1/2021;2021;Tornquist;Total de hechos de hurtos;39;;;;;;;;;
1/1/2021;2021;Tornquist;Total de hechos de robos;18;;;;;;;;;
1/1/2014;2014;Trenque Lauquen;Total de hechos de hurtos;418;;;;;;;;;
1/1/2014;2014;Trenque Lauquen;Total de hechos de robos;224;;;;;;;;;
1/1/2015;2015;Trenque Lauquen;Total de hechos de hurtos;506;;;;;;;;;
1/1/2015;2015;Trenque Lauquen;Total de hechos de robos;258;;;;;;;;;
1/1/2016;2016;Trenque Lauquen;Total de hechos de hurtos;346;;;;;;;;;
1/1/2016;2016;Trenque Lauquen;Total de hechos de robos;136;;;;;;;;;
1/1/2017;2017;Trenque Lauquen;Total de hechos de hurtos;305;;;;;;;;;
1/1/2017;2017;Trenque Lauquen;Total de hechos de robos;114;;;;;;;;;
1/1/2018;2018;Trenque Lauquen;Total de hechos de hurtos;290;;;;;;;;;
1/1/2018;2018;Trenque Lauquen;Total de hechos de robos;137;;;;;;;;;
1/1/2019;2019;Trenque Lauquen;Total de hechos de hurtos;278;;;;;;;;;
1/1/2019;2019;Trenque Lauquen;Total de hechos de robos;99;;;;;;;;;
1/1/2020;2020;Trenque Lauquen;Total de hechos de hurtos;220;;;;;;;;;
1/1/2020;2020;Trenque Lauquen;Total de hechos de robos;68;;;;;;;;;
1/1/2021;2021;Trenque Lauquen;Total de hechos de hurtos;324;;;;;;;;;
1/1/2021;2021;Trenque Lauquen;Total de hechos de robos;69;;;;;;;;;
1/1/2014;2014;Tres Arroyos;Total de hechos de hurtos;204;;;;;;;;;
1/1/2014;2014;Tres Arroyos;Total de hechos de robos;298;;;;;;;;;
1/1/2015;2015;Tres Arroyos;Total de hechos de hurtos;118;;;;;;;;;
1/1/2015;2015;Tres Arroyos;Total de hechos de robos;247;;;;;;;;;
1/1/2016;2016;Tres Arroyos;Total de hechos de hurtos;94;;;;;;;;;
1/1/2016;2016;Tres Arroyos;Total de hechos de robos;156;;;;;;;;;
1/1/2017;2017;Tres Arroyos;Total de hechos de hurtos;75;;;;;;;;;
1/1/2017;2017;Tres Arroyos;Total de hechos de robos;132;;;;;;;;;
1/1/2018;2018;Tres Arroyos;Total de hechos de hurtos;170;;;;;;;;;
1/1/2018;2018;Tres Arroyos;Total de hechos de robos;169;;;;;;;;;
1/1/2019;2019;Tres Arroyos;Total de hechos de hurtos;331;;;;;;;;;
1/1/2019;2019;Tres Arroyos;Total de hechos de robos;363;;;;;;;;;
1/1/2020;2020;Tres Arroyos;Total de hechos de hurtos;277;;;;;;;;;
1/1/2020;2020;Tres Arroyos;Total de hechos de robos;294;;;;;;;;;
1/1/2021;2021;Tres Arroyos;Total de hechos de hurtos;269;;;;;;;;;
1/1/2021;2021;Tres Arroyos;Total de hechos de robos;244;;;;;;;;;
1/1/2014;2014;Tres de Febrero;Total de hechos de hurtos;2582;;;;;;;;;
1/1/2014;2014;Tres de Febrero;Total de hechos de robos;5373;;;;;;;;;
1/1/2015;2015;Tres de Febrero;Total de hechos de hurtos;2257;;;;;;;;;
1/1/2015;2015;Tres de Febrero;Total de hechos de robos;5462;;;;;;;;;
1/1/2016;2016;Tres de Febrero;Total de hechos de hurtos;2247;;;;;;;;;
1/1/2016;2016;Tres de Febrero;Total de hechos de robos;4251;;;;;;;;;
1/1/2017;2017;Tres de Febrero;Total de hechos de hurtos;1999;;;;;;;;;
1/1/2017;2017;Tres de Febrero;Total de hechos de robos;3291;;;;;;;;;
1/1/2018;2018;Tres de Febrero;Total de hechos de hurtos;2354;;;;;;;;;
1/1/2018;2018;Tres de Febrero;Total de hechos de robos;3498;;;;;;;;;
1/1/2019;2019;Tres de Febrero;Total de hechos de hurtos;3002;;;;;;;;;
1/1/2019;2019;Tres de Febrero;Total de hechos de robos;4447;;;;;;;;;
1/1/2020;2020;Tres de Febrero;Total de hechos de hurtos;1817;;;;;;;;;
1/1/2020;2020;Tres de Febrero;Total de hechos de robos;2666;;;;;;;;;
1/1/2021;2021;Tres de Febrero;Total de hechos de hurtos;1605;;;;;;;;;
1/1/2021;2021;Tres de Febrero;Total de hechos de robos;2101;;;;;;;;;
1/1/2014;2014;Tres Lomas ;Total de hechos de hurtos;-;;;;;;;;;
1/1/2014;2014;Tres Lomas ;Total de hechos de robos;-;;;;;;;;;
1/1/2015;2015;Tres Lomas ;Total de hechos de hurtos;7;;;;;;;;;
1/1/2015;2015;Tres Lomas ;Total de hechos de robos;1;;;;;;;;;
1/1/2016;2016;Tres Lomas ;Total de hechos de hurtos;2;;;;;;;;;
1/1/2016;2016;Tres Lomas ;Total de hechos de robos;1;;;;;;;;;
1/1/2017;2017;Tres Lomas ;Total de hechos de hurtos;3;;;;;;;;;
1/1/2017;2017;Tres Lomas ;Total de hechos de robos;1;;;;;;;;;
1/1/2018;2018;Tres Lomas ;Total de hechos de hurtos;7;;;;;;;;;
1/1/2018;2018;Tres Lomas ;Total de hechos de robos;2;;;;;;;;;
1/1/2019;2019;Tres Lomas ;Total de hechos de hurtos;16;;;;;;;;;
1/1/2019;2019;Tres Lomas ;Total de hechos de robos;7;;;;;;;;;
1/1/2020;2020;Tres Lomas ;Total de hechos de hurtos;10;;;;;;;;;
1/1/2020;2020;Tres Lomas ;Total de hechos de robos;5;;;;;;;;;
1/1/2021;2021;Tres Lomas ;Total de hechos de hurtos;20;;;;;;;;;
1/1/2021;2021;Tres Lomas ;Total de hechos de robos;4;;;;;;;;;
1/1/2014;2014;25 de Mayo;Total de hechos de hurtos;51;;;;;;;;;
1/1/2014;2014;25 de Mayo;Total de hechos de robos;33;;;;;;;;;
1/1/2015;2015;25 de Mayo;Total de hechos de hurtos;65;;;;;;;;;
1/1/2015;2015;25 de Mayo;Total de hechos de robos;55;;;;;;;;;
1/1/2016;2016;25 de Mayo;Total de hechos de hurtos;48;;;;;;;;;
1/1/2016;2016;25 de Mayo;Total de hechos de robos;32;;;;;;;;;
1/1/2017;2017;25 de Mayo;Total de hechos de hurtos;41;;;;;;;;;
1/1/2017;2017;25 de Mayo;Total de hechos de robos;17;;;;;;;;;
1/1/2018;2018;25 de Mayo;Total de hechos de hurtos;26;;;;;;;;;
1/1/2018;2018;25 de Mayo;Total de hechos de robos;16;;;;;;;;;
1/1/2019;2019;25 de Mayo;Total de hechos de hurtos;93;;;;;;;;;
1/1/2019;2019;25 de Mayo;Total de hechos de robos;56;;;;;;;;;
1/1/2020;2020;25 de Mayo;Total de hechos de hurtos;37;;;;;;;;;
1/1/2020;2020;25 de Mayo;Total de hechos de robos;40;;;;;;;;;
1/1/2021;2021;25 de Mayo;Total de hechos de hurtos;49;;;;;;;;;
1/1/2021;2021;25 de Mayo;Total de hechos de robos;20;;;;;;;;;
1/1/2014;2014;Vicente López;Total de hechos de hurtos;1333;;;;;;;;;
1/1/2014;2014;Vicente López;Total de hechos de robos;2107;;;;;;;;;
1/1/2015;2015;Vicente López;Total de hechos de hurtos;1410;;;;;;;;;
1/1/2015;2015;Vicente López;Total de hechos de robos;1637;;;;;;;;;
1/1/2016;2016;Vicente López;Total de hechos de hurtos;1113;;;;;;;;;
1/1/2016;2016;Vicente López;Total de hechos de robos;1566;;;;;;;;;
1/1/2017;2017;Vicente López;Total de hechos de hurtos;1389;;;;;;;;;
1/1/2017;2017;Vicente López;Total de hechos de robos;1663;;;;;;;;;
1/1/2018;2018;Vicente López;Total de hechos de hurtos;2010;;;;;;;;;
1/1/2018;2018;Vicente López;Total de hechos de robos;2078;;;;;;;;;
1/1/2019;2019;Vicente López;Total de hechos de hurtos;3085;;;;;;;;;
1/1/2019;2019;Vicente López;Total de hechos de robos;3932;;;;;;;;;
1/1/2020;2020;Vicente López;Total de hechos de hurtos;1363;;;;;;;;;
1/1/2020;2020;Vicente López;Total de hechos de robos;1780;;;;;;;;;
1/1/2021;2021;Vicente López;Total de hechos de hurtos;1971;;;;;;;;;
1/1/2021;2021;Vicente López;Total de hechos de robos;2143;;;;;;;;;
1/1/2014;2014;Villa Gesell ;Total de hechos de hurtos;237;;;;;;;;;
1/1/2014;2014;Villa Gesell ;Total de hechos de robos;507;;;;;;;;;
1/1/2015;2015;Villa Gesell ;Total de hechos de hurtos;204;;;;;;;;;
1/1/2015;2015;Villa Gesell ;Total de hechos de robos;300;;;;;;;;;
1/1/2016;2016;Villa Gesell ;Total de hechos de hurtos;227;;;;;;;;;
1/1/2016;2016;Villa Gesell ;Total de hechos de robos;461;;;;;;;;;
1/1/2017;2017;Villa Gesell ;Total de hechos de hurtos;159;;;;;;;;;
1/1/2017;2017;Villa Gesell ;Total de hechos de robos;266;;;;;;;;;
1/1/2018;2018;Villa Gesell ;Total de hechos de hurtos;121;;;;;;;;;
1/1/2018;2018;Villa Gesell ;Total de hechos de robos;189;;;;;;;;;
1/1/2019;2019;Villa Gesell ;Total de hechos de hurtos;221;;;;;;;;;
1/1/2019;2019;Villa Gesell ;Total de hechos de robos;330;;;;;;;;;
1/1/2020;2020;Villa Gesell ;Total de hechos de hurtos;325;;;;;;;;;
1/1/2020;2020;Villa Gesell ;Total de hechos de robos;321;;;;;;;;;
1/1/2021;2021;Villa Gesell ;Total de hechos de hurtos;260;;;;;;;;;
1/1/2021;2021;Villa Gesell ;Total de hechos de robos;210;;;;;;;;;
1/1/2014;2014;Villarino;Total de hechos de hurtos;61;;;;;;;;;
1/1/2014;2014;Villarino;Total de hechos de robos;47;;;;;;;;;
1/1/2015;2015;Villarino;Total de hechos de hurtos;66;;;;;;;;;
1/1/2015;2015;Villarino;Total de hechos de robos;54;;;;;;;;;
1/1/2016;2016;Villarino;Total de hechos de hurtos;54;;;;;;;;;
1/1/2016;2016;Villarino;Total de hechos de robos;28;;;;;;;;;
1/1/2017;2017;Villarino;Total de hechos de hurtos;50;;;;;;;;;
1/1/2017;2017;Villarino;Total de hechos de robos;27;;;;;;;;;
1/1/2018;2018;Villarino;Total de hechos de hurtos;56;;;;;;;;;
1/1/2018;2018;Villarino;Total de hechos de robos;32;;;;;;;;;
1/1/2019;2019;Villarino;Total de hechos de hurtos;122;;;;;;;;;
1/1/2019;2019;Villarino;Total de hechos de robos;46;;;;;;;;;
1/1/2020;2020;Villarino;Total de hechos de hurtos;111;;;;;;;;;
1/1/2020;2020;Villarino;Total de hechos de robos;31;;;;;;;;;
1/1/2021;2021;Villarino;Total de hechos de hurtos;154;;;;;;;;;
1/1/2021;2021;Villarino;Total de hechos de robos;39;;;;;;;;;
1/1/2014;2014;Zárate ;Total de hechos de hurtos;380;;;;;;;;;
1/1/2014;2014;Zárate ;Total de hechos de robos;715;;;;;;;;;
1/1/2015;2015;Zárate ;Total de hechos de hurtos;360;;;;;;;;;
1/1/2015;2015;Zárate ;Total de hechos de robos;736;;;;;;;;;
1/1/2016;2016;Zárate ;Total de hechos de hurtos;439;;;;;;;;;
1/1/2016;2016;Zárate ;Total de hechos de robos;834;;;;;;;;;
1/1/2017;2017;Zárate ;Total de hechos de hurtos;578;;;;;;;;;
1/1/2017;2017;Zárate ;Total de hechos de robos;1007;;;;;;;;;
1/1/2018;2018;Zárate ;Total de hechos de hurtos;518;;;;;;;;;
1/1/2018;2018;Zárate ;Total de hechos de robos;764;;;;;;;;;
1/1/2019;2019;Zárate ;Total de hechos de hurtos;644;;;;;;;;;
1/1/2019;2019;Zárate ;Total de hechos de robos;1294;;;;;;;;;
1/1/2020;2020;Zárate ;Total de hechos de hurtos;412;;;;;;;;;
1/1/2020;2020;Zárate ;Total de hechos de robos;929;;;;;;;;;
1/1/2021;2021;Zárate ;Total de hechos de hurtos;537;;;;;;;;;
1/1/2021;2021;Zárate ;Total de hechos de robos;1026;;;;;;;;;
